Mileage(Kilometer),Model(Year),Engine(True=Healthy),Chassis(True=Healthy),Description(False=Expensive),Price(Toman)
['۹۵٬۰۰۰'],['۱۳۹۶'],True,True,True,['۱۱۱٬۱۱۱٬۱۱۱']
['۴۵۵٬۰۰۰'],['۱۳۸۴'],True,True,False,['۱۸۰٬۰۰۰٬۰۰۰']
['۲۸۰٬۰۰۰'],['۱۳۸۶'],False,False,True,['۲۰۵٬۰۰۰٬۰۰۰']
['۲۲۰٬۰۰۰'],['۱۳۸۹'],True,True,True,['۲۵۵٬۰۰۰٬۰۰۰']
['۲۹٬۵۰۰'],['۱۳۹۹'],True,True,True,['۴۱۰٬۰۰۰٬۰۰۰']
['۳۶٬۰۰۰'],['۱۴۰۰'],True,True,False,['۴۴۵٬۰۰۰٬۰۰۰']
['۷٬۰۰۰'],['۱۴۰۰'],True,True,False,['۴۶۰٬۰۰۰٬۰۰۰']
['۴۰٬۰۰۰'],['۱۳۹۸'],True,True,True,['۴۰۴٬۰۰۰٬۰۰۰']
['۲۲۰٬۰۰۰'],['۱۳۹۴'],False,False,True,['۲۵۵٬۰۰۰٬۰۰۰']
['۱۷۰٬۰۰۰'],['۱۳۹۰'],True,True,True,['۲۸۰٬۰۰۰٬۰۰۰']
['۷۴٬۰۰۰'],['۱۳۹۶'],True,True,True,['۳۶۵٬۰۰۰٬۰۰۰']
['۲۰۰٬۰۰۰'],['۱۳۸۱'],True,True,True,['۱۶۵٬۰۰۰٬۰۰۰']
['۴۲۰٬۰۰۰'],['۱۳۸۵'],True,True,True,['۲۱۵٬۰۰۰٬۰۰۰']
['۲۵۰٬۰۰۰'],['۱۳۸۲'],True,True,True,['۱۷۰٬۰۰۰٬۰۰۰']
['۱۳۷٬۰۰۰'],['۱۳۹۴'],True,True,True,['۳٬۱۵۰٬۰۰۰٬۰۰۰']
['۲۶٬۸۰۰'],['۱۳۹۹'],True,True,True,['۴۲۰٬۰۰۰٬۰۰۰']
['۲۹۰٬۰۰۰'],['۱۳۸۴'],False,True,True,['۱۶۹٬۰۰۰٬۰۰۰']
['۲۱۲٬۰۰۰'],['۱۳۸۲'],True,True,False,['۲۱۵٬۰۰۰٬۰۰۰']
['۰'],['۱۴۰۱'],True,True,True,['۱۱٬۱۱۱٬۱۱۱ تومانفروش اقساطیحداقل مبلغ پیش\u200cپرداخت۱۱۱٬۱۱۱']
['۱۸۵٬۰۰۰'],['۱۳۸۸'],True,True,False,['۲۶۹٬۰۰۰٬۰۰۰']
['۲۰۰٬۰۰۰'],['۱۳۸۳'],False,False,True,['۱۹۰٬۰۰۰٬۰۰۰']
['۸٬۰۰۰'],['۱۴۰۱'],True,True,False,['۴۹۰٬۰۰۰٬۰۰۰']
['۴۰۰٬۰۰۰'],['۱۳۸۲'],False,False,True,['۱۹۵٬۰۰۰٬۰۰۰']
['۳۰۰٬۰۰۰'],['۱۳۹۰'],True,True,True,['۲۷۰٬۰۰۰٬۰۰۰']
['۸٬۰۰۰'],['۱۴۰۱'],True,True,True,['۴۸۰٬۰۰۰٬۰۰۰']
['۲۳۰٬۰۰۰'],['۱۳۸۵'],True,True,False,['۲۲۹٬۰۰۰٬۰۰۰']
['۳۴۰٬۰۰۰'],['۱۳۸۶'],True,True,True,['۲۱۵٬۰۰۰٬۰۰۰']
['۱۰٬۰۰۰'],['۱۴۰۱'],True,True,True,['۴۷۵٬۰۰۰٬۰۰۰']
['۱۶۰٬۰۰۰'],['۱۳۹۰'],True,True,True,['۲۸۰٬۰۰۰٬۰۰۰']
['۲۳۲٬۰۰۰'],['۱۳۸۸'],True,True,True,['۲۱۵٬۰۰۰٬۰۰۰']
['۲۸۰٬۰۰۰'],['۱۳۸۸'],False,True,False,['۲۶۵٬۰۰۰٬۰۰۰']
['۱۶۵٬۰۰۰'],['۱۳۹۶'],True,True,True,['۳۱۰٬۰۰۰٬۰۰۰']
['۷٬۰۰۰'],['۱۳۹۹'],True,True,False,['۴۴۲٬۰۰۰٬۰۰۰']
['۳۴۰٬۰۰۰'],['۱۳۸۳'],False,True,False,['۲۱۵٬۰۰۰٬۰۰۰']
[' فنی بدون ایراد۲ روز پیش در تهران، ارمزنگ خطرهای قبل از معاملهاطلاعات تماس چت کارکرد۱۷۶٬۰۰۰'],['۱۳۸۶'],True,True,True,['۲۳۵٬۰۰۰٬۰۰۰']
['۱۳۰٬۰۰۰'],['۱۳۹۵'],True,True,True,['۳۵۰٬۰۰۰٬۰۰۰']
['۹٬۸۰۰'],['۱۴۰۰'],True,True,False,['۴۸۰٬۰۰۰٬۰۰۰']
['۱۸۳٬۰۰۰'],['۱۳۹۱'],True,True,True,['۲۹۰٬۰۰۰٬۰۰۰']
['۱۹۰٬۰۰۰'],['۱۳۸۳'],True,True,False,['۲۱۵٬۰۰۰٬۰۰۰']
['۹۵٬۰۰۰'],['۱۳۹۵'],True,True,True,['۳۳۰٬۰۰۰٬۰۰۰']
['۳۸٬۰۰۰'],['۱۳۹۹'],True,True,False,['۴۳۵٬۰۰۰٬۰۰۰']
['۹۰٬۰۰۰'],['۱۳۹۷'],True,True,True,['۳۰۵٬۰۰۰٬۰۰۰']
['۶۲٬۰۰۰'],['۱۳۹۹'],True,True,True,['۴۲۰٬۰۰۰٬۰۰۰']
['۲۸۰٬۰۰۰'],['۱۳۹۱'],True,True,False,['۲۹۵٬۰۰۰٬۰۰۰']
['۳۰۰٬۰۰۰'],['۱۳۸۱'],False,True,False,['۱۶۰٬۰۰۰٬۰۰۰']
['۴۵۰٬۰۰۰'],['۱۳۸۲'],True,True,True,['۱۷۰٬۰۰۰٬۰۰۰']
['۴۰۰٬۰۰۰'],['۱۳۸۳'],True,True,True,['۲۰۰٬۰۰۰٬۰۰۰']
['۶۲٬۰۰۰'],['۱۳۹۹'],True,True,False,['۴۲۸٬۰۰۰٬۰۰۰']
['۲۳۵٬۰۰۰'],['۱۳۸۴'],True,True,True,['۲۱۷٬۰۰۰٬۰۰۰']
['۲۴۰٬۰۰۰'],['۱۳۸۳'],False,True,False,['۱۹۰٬۰۰۰٬۰۰۰']
['۱۹۰٬۰۰۰'],['۱۳۸۶'],True,True,True,['۲۳۰٬۰۰۰٬۰۰۰']
['۱۴۰٬۰۰۰'],['۱۳۹۶'],False,False,True,['۳۴۰٬۰۰۰٬۰۰۰']
['۱۸۱٬۰۰۰'],['۱۳۹۵'],True,True,True,['۳۳۷٬۰۰۰٬۰۰۰']
['۹۰٬۰۰۰'],['۱۳۹۵'],True,True,False,['۳۷۰٬۰۰۰٬۰۰۰']
['۲۰۴٬۰۰۰'],['۱۳۸۴'],True,True,False,['۲۲۵٬۰۰۰٬۰۰۰']
['۳۶۲٬۰۰۰'],['۱۳۸۳'],True,True,True,['۱۷۵٬۰۰۰٬۰۰۰']
['۱۶۰٬۰۰۰'],['۱۳۹۵'],False,False,False,['۳۴۸٬۰۰۰٬۰۰۰']
['۷۳٬۰۰۰'],['۱۳۹۶'],True,True,True,['۳۴۳٬۰۰۰٬۰۰۰']
['۲۹٬۰۰۰'],['۱۳۹۹'],True,True,True,['۴۳۰٬۰۰۰٬۰۰۰']
['۳۵۰٬۰۰۰'],['۱۳۸۴'],True,True,True,['۱۹۸٬۰۰۰٬۰۰۰']
"['۱۵۲٬۰۰۰', ' واقعی بیمه تا برج 3 .معاینه فنی تا برج 3.ساله آینده داخل بسیار تمیز و مرتب .سرویس\u200cها انجام شده تسمه تایم تسمه دینام .لنت جلو و دیسک چرخ.لنت عقب .شمع و وایر .صافی بنزین .جلوبندی نو .باطری نو..2 تیکه رنگ  .لبه گلگیر عقب و .ی درب عقب ....نوک کاپوت صافکاری بدون رنگ دارد .فنی سالم .لاستیک 60 در صد .چت دیوار جواب نمی\u200cدم .گاز کولر هم سرویس شده .....معاوضه هم میکنم با پراید ']",['۱۳۹۰'],True,True,False,['۲۹۰٬۰۰۰٬۰۰۰']
['۱۹٬۰۰۰'],['۱۴۰۰'],True,True,False,['۴۶۰٬۰۰۰٬۰۰۰']
['۲۹۰٬۰۰۰'],['۱۳۸۲'],True,True,True,['۱۸۵٬۰۰۰٬۰۰۰']
['۳۶۰٬۰۰۰'],['۱۳۸۳'],True,True,False,['۲۳۵٬۰۰۰٬۰۰۰']
['۳۵۰٬۰۰۰'],['۱۳۸۲'],True,True,False,['۲۲۰٬۰۰۰٬۰۰۰']
['۷۷٬۰۰۰'],['۱۳۹۸'],True,True,True,['۳۶۸٬۰۰۰٬۰۰۰']
['۰'],['۱۴۰۱'],True,True,True,['۴۹۲٬۵۰۰٬۰۰۰']
['۵۷٬۰۰۰'],['۱۳۹۹'],True,True,True,['۴۱۰٬۰۰۰٬۰۰۰']
['۲۱۰٬۰۰۰'],['۱۳۸۹'],True,True,False,['۳۲۰٬۰۰۰٬۰۰۰']
['۳۰۰٬۰۰۰'],['۱۳۸۷'],True,True,True,['۲۴۰٬۰۰۰٬۰۰۰']
['۳۲۰٬۰۰۰'],['۱۳۹۰'],True,True,False,['۲۹۰٬۰۰۰٬۰۰۰']
['۲۲۰٬۰۰۰'],['۱۳۸۶'],True,True,False,['۲۳۸٬۰۰۰٬۰۰۰']
['۲۷۰٬۰۰۰'],['۱۳۸۸'],True,True,False,['۲۷۰٬۰۰۰٬۰۰۰']
['۱٬۰۰۰'],['۱۴۰۱'],True,True,False,['۴۹۰٬۰۰۰٬۰۰۰']
['۲۰۰٬۰۰۰'],['۱۳۸۸'],True,True,True,['۲۳۵٬۰۰۰٬۰۰۰']
['۱۰٬۰۰۰'],['۱۴۰۱'],True,True,True,['۴۷۰٬۰۰۰٬۰۰۰']
['۱۰۸٬۶۰۰'],['۱۳۹۶'],True,True,True,['۳۷۰٬۰۰۰٬۰۰۰']
['۲۴۰٬۰۰۰'],['۱۳۸۳'],True,True,False,['۱۶۵٬۰۰۰٬۰۰۰']
['۸۶٬۰۰۰'],['۱۳۹۸'],True,True,True,['۳۶۰٬۰۰۰٬۰۰۰']
['۸٬۰۰۰'],['۱۴۰۰'],True,True,True,['۱۱٬۱۱۱٬۱۱۱']
['۳۷۰٬۰۰۰'],['۱۳۸۸'],True,True,False,['۲۵۰٬۰۰۰٬۰۰۰']
['۶۹٬۰۰۰'],['۱۳۹۹'],True,True,True,['۴۱۰٬۰۰۰٬۰۰۰']
['۱۰۰٬۰۰۰'],['۱۳۹۷'],True,True,True,['۳۷۲٬۰۰۰٬۰۰۰']
['۹۷٬۰۰۰'],['۱۳۹۴'],False,False,False,['۳۷۰٬۰۰۰٬۰۰۰']
['۲ روز پیش در تهران، شمشیریزنگ خطرهای قبل از معاملهاطلاعات تماس چت کارکرد۳۴٬۰۰۰'],['۱۳۹۹'],True,True,True,['۴۰۵٬۰۰۰٬۰۰۰']
['۲۱۶٬۰۰۰'],['۱۳۸۴'],True,True,False,['۲۰۵٬۰۰۰٬۰۰۰']
['۲۰۰٬۰۰۰'],['۱۳۸۷'],True,True,False,['۲۵۵٬۰۰۰٬۰۰۰']
['۰'],['۱۴۰۱'],False,False,True,['۵۲۵٬۰۰۰٬۰۰۰ تومانفروش اقساطیحداقل مبلغ پیش\u200cپرداخت۲۶۰٬۰۰۰٬۰۰۰']
['۲۸۵٬۰۰۰'],['۱۳۸۲'],True,True,True,['۲۰۰٬۰۰۰٬۰۰۰']
['۳۶۵٬۰۰۰'],['۱۳۸۰'],True,True,False,['۱۶۵٬۰۰۰٬۰۰۰']
['۱۳۴٬۰۰۰'],['۱۳۹۶'],True,True,True,['۳۳۰٬۰۰۰٬۰۰۰']
['۱۹۸٬۰۰۰'],['۱۳۸۲'],False,True,False,['۲۰۰٬۰۰۰٬۰۰۰']
['۴۰۰٬۰۰۰'],['۱۳۸۷'],False,True,False,['۲۵۰٬۰۰۰٬۰۰۰']
['۴۶٬۰۰۰'],['۱۳۹۸'],True,True,True,['۴۱۰٬۰۰۰٬۰۰۰']
['۲۴۹٬۰۰۰'],['۱۳۸۸'],True,True,False,['۲۵۲٬۰۰۰٬۰۰۰']
['۷۶٬۰۰۰'],['۱۳۹۶'],True,True,True,['۳۷۵٬۰۰۰٬۰۰۰']
['۱۱۴٬۰۰۰'],['۱۳۹۴'],True,True,True,['۲۹۰٬۰۰۰٬۰۰۰']
['۱۲۰٬۰۰۰'],['۱۳۸۶'],True,True,False,['۲۵۵٬۰۰۰٬۰۰۰']
['۳۶۵٬۰۰۰'],['۱۳۸۴'],True,True,True,['۲۱۰٬۰۰۰٬۰۰۰']
['۲۰۰٬۰۰۰'],['۱۳۸۸'],True,True,False,['۲۶۰٬۰۰۰٬۰۰۰']
['۵۰٬۰۰۰'],['۱۳۹۹'],True,True,True,['۴۳۵٬۰۰۰٬۰۰۰']
['۱۹۰٬۰۰۰'],['۱۳۹۵'],True,True,False,['۳۶۵٬۰۰۰٬۰۰۰']
['۱۶۴٬۰۰۰'],['۱۳۹۴'],True,True,True,['۳۲۲٬۰۰۰٬۰۰۰']
['۱۶۸٬۰۰۰'],['۱۳۹۱'],True,True,True,['۲۸۰٬۰۰۰٬۰۰۰']
['۲۴۰٬۰۰۰'],['۱۳۸۳'],True,True,True,['۱۶۵٬۰۰۰٬۰۰۰ تومانفروش اقساطیحداقل مبلغ پیش\u200cپرداخت۷۰٬۰۰۰٬۰۰۰']
['۵۹٬۰۰۰'],['۱۳۹۵'],False,False,False,['۳۷۹٬۰۰۰٬۰۰۰']
['۳۰۰٬۰۰۰'],['۱۳۸۶'],True,True,False,['۲۲۰٬۰۰۰٬۰۰۰']
['۱۱۱٬۰۰۰'],['۱۳۹۸'],True,True,True,['۳۷۰٬۰۰۰٬۰۰۰']
['۷۱٬۰۰۰'],['۱۳۹۸'],True,True,True,['۳۸۵٬۰۰۰٬۰۰۰']
['۰'],['۱۴۰۲'],True,True,True,['۱۱۱٬۱۱۱٬۱۱۱ تومانفروش اقساطیحداقل مبلغ پیش\u200cپرداخت۱٬۱۱۱٬۱۱۱']
['۲۷۰٬۰۰۰'],['۱۳۸۸'],True,True,False,['۲۶۰٬۰۰۰٬۰۰۰']
['۲۱۵٬۰۰۰'],['۱۳۸۸'],True,True,False,['۲۶۵٬۰۰۰٬۰۰۰']
['۱۴۶٬۰۰۰'],['۱۳۸۸'],True,True,True,['۲۵۷٬۰۰۰٬۰۰۰']
['۲۶۰٬۰۰۰'],['۱۳۸۷'],True,True,True,['۲۳۵٬۰۰۰٬۰۰۰']
['۹۸٬۰۰۰'],['۱۳۹۶'],True,True,True,['۳۵۹٬۰۰۰٬۰۰۰ تومانفروش اقساطیحداقل مبلغ پیش\u200cپرداخت۲۰۰٬۰۰۰٬۰۰۰']
['۲۹۹٬۰۰۰'],['۱۳۸۶'],True,True,True,['۲۱۵٬۰۰۰٬۰۰۰']
['۳۲۳٬۰۰۰'],['۱۳۸۹'],True,True,True,['۲۶۰٬۰۰۰٬۰۰۰']
['۳۱۵٬۰۰۰'],['۱۳۸۲'],True,True,False,['۱۸۵٬۰۰۰٬۰۰۰']
['۶۴٬۰۰۰'],['۱۳۹۶'],True,True,True,['۳۶۰٬۰۰۰٬۰۰۰']
['۰'],['۱۴۰۱'],True,True,True,['۱۱٬۱۱۱٬۱۱۱ تومانفروش اقساطیحداقل مبلغ پیش\u200cپرداخت۱٬۱۱۱٬۱۱۱ تومانمبلغ هر قسط۱۱۱٬۱۱۱٬۱۱۱']
['۲۶٬۰۰۰'],['۱۴۰۰'],True,True,True,['۴۴۵٬۰۰۰٬۰۰۰']
['۲۵۰٬۰۰۰'],['۱۳۸۹'],True,True,True,['۳۵۵٬۰۰۰٬۰۰۰']
['۱۳۰٬۰۰۰'],['۱۳۹۷'],True,True,False,['۳۸۵٬۰۰۰٬۰۰۰']
"['۳۷۲٬۰۰۰', ' واقعی و دست نخورده - فنی ماشین نسبت به ']",['۱۳۸۴'],True,True,False,['۲۱۰٬۰۰۰٬۰۰۰']
['۱۲۱٬۰۰۰'],['۱۳۹۶'],True,True,True,['۳۶۵٬۰۰۰٬۰۰۰']
['۱۹۹٬۹۹۹'],['۱۳۸۹'],True,True,True,['۲۳۵٬۰۰۰٬۰۰۰']
['۱۱۲٬۰۰۰'],['۱۳۹۵'],True,True,False,['۳۶۸٬۰۰۰٬۰۰۰']
['۳٬۳۵۰'],['۱۳۸۲'],True,True,True,['۱۰۱٬۰۱۰٬۱۰۱']
['۱۸۰٬۰۰۰'],['۱۳۸۶'],True,True,False,['۲۶۰٬۰۰۰٬۰۰۰']
['۱۳٬۳۰۰'],['۱۴۰۰'],True,True,True,['۴۵۶٬۰۰۰٬۰۰۰']
['۲۵۸٬۰۰۰'],['۱۳۸۵'],True,True,False,['۲۲۵٬۰۰۰٬۰۰۰']
['۲۵۰٬۰۰۰'],['۱۳۸۸'],True,True,True,['۱۱۱٬۱۱۱٬۱۱۱']
['۱۸۳٬۰۰۰'],['۱۳۸۷'],True,True,False,['۲۵۰٬۰۰۰٬۰۰۰']
['۲۸٬۴۵۹'],['۱۳۸۴'],True,True,False,['۲۲۰٬۰۰۰٬۰۰۰']
['۴۵٬۰۰۰'],['۱۳۹۸'],True,True,False,['۴۰۵٬۰۰۰٬۰۰۰']
['۰'],['۱۴۰۱'],False,False,True,[]
['۱۹۰٬۰۰۰'],['۱۳۸۷'],True,True,True,['۱۸۵٬۰۰۰٬۰۰۰']
['۸٬۶۰۰'],['۱۳۹۸'],True,True,False,['۴۲۰٬۰۰۰٬۰۰۰']
['۷۲٬۰۰۰'],['۱۳۹۷'],True,True,False,['۴۰۵٬۰۰۰٬۰۰۰']
['۴۷۰٬۰۰۰'],['۱۳۸۲'],True,True,True,['۱۸۰٬۰۰۰٬۰۰۰']
['۲ روز پیش در تهران، جمهوریزنگ خطرهای قبل از معاملهاطلاعات تماس چت کارکرد۱۰٬۰۰۰'],['۱۳۹۹'],True,True,False,['۴۴۵٬۰۰۰٬۰۰۰']
['۱۹۰٬۰۰۰'],['۱۳۸۹'],True,True,True,['۲۴۰٬۰۰۰٬۰۰۰']
['۲۷۵٬۰۰۰'],['۱۳۸۵'],True,True,False,['۲۰۶٬۰۰۰٬۰۰۰']
['۵۶٬۰۰۰'],['۱۳۹۶'],True,True,False,['۳۷۷٬۰۰۰٬۰۰۰']
['۲۶۰٬۰۰۰'],['۱۳۸۸'],True,True,True,['۲۵۰٬۰۰۰٬۰۰۰']
['۱۶٬۰۰۰'],['۱۴۰۰'],True,True,True,['۴۵۰٬۰۰۰٬۰۰۰']
['۲۴۳٬۰۰۰'],['۱۳۸۲'],True,True,True,['۱۸۸٬۰۰۰٬۰۰۰']
['۲۰۰٬۰۰۰'],['۱۳۸۸'],False,False,False,['۱۹۷٬۰۰۰٬۰۰۰']
['۴۴٬۰۰۰'],['۱۳۹۹'],True,True,True,['۴۲۰٬۰۰۰٬۰۰۰']
['۳۳۵٬۰۰۰'],['۱۳۸۳'],True,True,False,['۱۸۸٬۰۰۰٬۰۰۰']
['۱۵۰٬۰۰۰'],['۱۳۹۶'],True,True,True,['۳۴۲٬۰۰۰٬۰۰۰']
['۱۱٬۰۰۰'],['۱۴۰۱'],True,True,False,['۴۸۰٬۰۰۰٬۰۰۰']
['۳۳۰٬۰۰۰'],['۱۳۸۷'],True,True,True,['۲۳۰٬۰۰۰٬۰۰۰']
['۳۰۲٬۰۰۰'],['۱۳۸۶'],True,True,True,['۲۲۸٬۰۰۰٬۰۰۰']
['۲۵۰٬۰۰۰'],['۱۳۸۳'],True,True,False,['۲۱۰٬۰۰۰٬۰۰۰']
['۳۰٬۰۰۰'],['۱۳۹۹'],True,True,True,['۴۱۵٬۰۰۰٬۰۰۰']
['۴۲٬۰۰۰'],['۱۳۹۸'],True,True,True,['۴۰۵٬۰۰۰٬۰۰۰']
['۱۷۰٬۰۰۰'],['۱۳۹۱'],True,True,False,['۳۱۰٬۰۰۰٬۰۰۰']
['۱۶۷٬۰۰۰'],['۱۳۸۷'],True,True,True,['۱۱٬۱۱۱٬۱۱۱']
['۳۷۰٬۰۰۰'],['۱۳۸۳'],True,True,True,['۱۹۰٬۰۰۰٬۰۰۰']
['۳۲۰٬۰۰۰'],['۱۳۸۲'],True,True,True,['۱۷۷٬۰۰۰٬۰۰۰']
['۵۰۰٬۰۰۰'],['۱۳۸۱'],False,False,False,['۱۴۰٬۰۰۰٬۰۰۰']
['۳۰۰٬۰۰۰'],['۱۳۸۹'],False,False,True,['۲۶۰٬۰۰۰٬۰۰۰']
['۹٬۸۰۰'],['۱۴۰۱'],True,True,True,['۴۷۵٬۰۰۰٬۰۰۰']
['۲۲۰٬۰۰۰'],['۱۳۸۸'],True,True,True,['۲۶۰٬۰۰۰٬۰۰۰']
['۲۴۰٬۰۰۰'],['۱۳۸۹'],True,True,True,['۲۵۰٬۰۰۰٬۰۰۰']
['۶۵٬۰۰۰'],['۱۳۹۵'],True,True,True,['۳۳۰٬۰۰۰٬۰۰۰']
['۱۷۰٬۰۰۰'],['۱۳۹۴'],True,True,True,['۳۷۳٬۰۰۰٬۰۰۰']
['۵۵٬۰۰۰'],['۱۳۹۸'],True,True,True,['۳۷۵٬۰۰۰٬۰۰۰']
['۷۱٬۰۰۰'],['۱۳۹۶'],True,True,True,['۳۵۵٬۰۰۰٬۰۰۰']
['۲۰۰'],['۱۴۰۱'],True,True,True,['۴۸۰٬۰۰۰٬۰۰۰']
['۱۲۷٬۰۰۰'],['۱۳۹۷'],True,True,True,['۳۷۰٬۰۰۰٬۰۰۰']
['۲۰۸٬۰۰۰'],['۱۳۹۰'],False,False,True,['۲۱۵٬۰۰۰٬۰۰۰']
['۲۷۰٬۰۰۰'],['۱۳۸۲'],True,True,True,['۱۸۰٬۰۰۰٬۰۰۰']
['۱٬۰۰۰'],['۱۴۰۱'],True,True,False,['۴۹۰٬۰۰۰٬۰۰۰']
['۱۶۸٬۵۰۰'],['۱۳۹۶'],True,True,False,['۳۷۰٬۰۰۰٬۰۰۰']
['۳۱۰٬۰۰۰'],['۱۳۸۸'],True,True,False,['۲۸۹٬۵۰۰٬۰۰۰']
['۲۷۰٬۰۰۰'],['۱۳۸۹'],True,True,True,['۲۵۰٬۰۰۰٬۰۰۰']
['۳۸۰٬۰۰۰'],['۱۳۸۵'],True,True,False,['۲۰۵٬۰۰۰٬۰۰۰']
['۴۷۱٬۰۸۶'],['۱۳۸۲'],True,True,True,['۱۲٬۳۴۵٬۶۷۸']
['۲۱۴٬۰۰۰'],['۱۳۸۸'],True,True,True,['۲۶۵٬۰۰۰٬۰۰۰']
['۴۷٬۰۰۰'],['۱۳۹۷'],True,True,True,['۳۷۵٬۰۰۰٬۰۰۰']
['۱۴۰٬۰۰۰'],['۱۳۹۴'],True,True,True,['۳۳۵٬۰۰۰٬۰۰۰']
['۲۵۰٬۰۰۰'],['۱۳۸۴'],True,True,True,['۲۲۲٬۰۰۰٬۰۰۰']
['۱۸۹٬۰۰۰'],['۱۳۸۲'],True,True,True,['۱۸۵٬۰۰۰٬۰۰۰']
['۲۷٬۰۰۰'],['۱۴۰۱'],True,True,False,['۴۷۵٬۰۰۰٬۰۰۰']
['۸۰٬۰۰۰'],['۱۳۸۹'],True,True,False,['۳۴۰٬۰۰۰٬۰۰۰']
['۲۳۵٬۰۰۰'],['۱۳۸۴'],True,True,True,['۲۱۸٬۰۰۰٬۰۰۰']
['۸۴٬۰۰۰'],['۱۳۹۴'],True,True,True,['۳۱۵٬۰۰۰٬۰۰۰']
['۲۳۵٬۰۰۰'],['۱۳۸۵'],True,True,True,['۱۹۸٬۰۰۰٬۰۰۰']
['۱۸۲٬۰۰۰'],['۱۳۸۹'],True,True,True,['۲۷۳٬۰۰۰٬۰۰۰']
['۷۷٬۰۰۰'],['۱۳۹۷'],True,True,True,['۳۷۶٬۰۰۰٬۰۰۰']
['۳۶٬۰۰۰'],['۱۴۰۰'],True,True,True,['۴۳۰٬۰۰۰٬۰۰۰']
['۳۴۵٬۴۸۶'],['۱۳۸۴'],True,True,True,['۲۲۰٬۰۰۰٬۰۰۰']
['۴۰٬۰۰۰'],['۱۳۹۹'],True,True,True,['۴۱۰٬۰۰۰٬۰۰۰ تومانفروش اقساطیحداقل مبلغ پیش\u200cپرداخت۲۵۰٬۰۰۰٬۰۰۰']
['۷۵٬۰۰۰'],['۱۴۰۰'],True,True,True,['۴۳۰٬۰۰۰٬۰۰۰']
['۱۳٬۰۰۰'],['۱۴۰۰'],True,True,True,['۴۵۰٬۰۰۰٬۰۰۰']
['۷۰٬۰۰۰'],['۱۳۹۸'],True,True,True,['۴۱۰٬۰۰۰٬۰۰۰']
['۰'],['۱۴۰۱'],True,True,True,['۳۱۲٬۰۰۰٬۰۰۰']
['۴۳٬۰۰۰'],['۱۳۹۹'],True,True,True,['۴۳۰٬۰۰۰٬۰۰۰']
['۱۱۷٬۰۰۰'],['۱۳۹۶'],True,True,True,['۱۱۱٬۱۱۱٬۱۱۱']
['۳ روز پیش در تهران، ارمزنگ خطرهای قبل از معاملهاطلاعات تماس چت کارکرد۱٬۰۰۰'],['۱۳۹۸'],True,True,False,['۴۲۰٬۰۰۰٬۰۰۰']
['۲۰٬۰۰۰'],['۱۴۰۰'],True,True,True,['۴۵۳٬۰۰۰٬۰۰۰']
['۳۱۰٬۰۰۰'],['۱۳۸۸'],False,False,True,['۲۳۵٬۰۰۰٬۰۰۰']
['۰'],['۱۴۰۱'],True,True,True,['۳۰۰٬۰۰۰٬۰۰۰']
['۲۶۷٬۰۰۰'],['۱۳۸۹'],True,True,False,['۲۷۰٬۰۰۰٬۰۰۰']
['۶۹٬۰۰۰'],['۱۳۹۸'],True,True,True,['۴۰۸٬۰۰۰٬۰۰۰']
['۳۲٬۰۰۰'],['۱۴۰۰'],True,True,True,['۴۲۷٬۰۰۰٬۰۰۰']
['۳۸۰٬۰۰۰'],['۱۳۸۸'],True,True,False,['۲۵۵٬۰۰۰٬۰۰۰']
['۲۶۰٬۰۰۰'],['۱۳۸۲'],True,True,True,['۱۹۵٬۰۰۰٬۰۰۰']
['۲۴٬۰۰۰'],['۱۳۹۹'],True,True,False,['۴۳۵٬۰۰۰٬۰۰۰']
['۲۰۰٬۰۰۰'],['۱۳۹۰'],False,False,False,['۲۴۵٬۰۰۰٬۰۰۰']
['۶۳٬۰۰۰'],['۱۳۹۹'],True,True,True,['۴۱۵٬۰۰۰٬۰۰۰']
['۷۵٬۰۰۰'],['۱۳۹۷'],True,True,True,['۳۷۰٬۰۰۰٬۰۰۰']
['۲۷٬۰۰۰'],['۱۳۹۹'],True,True,True,['۴۱۰٬۰۰۰٬۰۰۰']
['۴۰٬۰۰۰'],['۱۳۹۸'],True,True,True,['۲۲۵٬۰۰۰٬۰۰۰']
['۲۴٬۰۰۰'],['۱۳۹۷'],True,True,True,['۳۷۰٬۰۰۰٬۰۰۰']
['۲۶۰٬۰۰۰'],['۱۳۸۳'],True,True,True,['۲۱۰٬۰۰۰٬۰۰۰']
['۲۴۰٬۰۰۰'],['۱۳۸۶'],False,True,True,['۲۱۹٬۰۰۰٬۰۰۰']
['۱۸۲٬۰۰۰'],['۱۳۸۲'],True,True,True,['۲۹۰٬۰۰۰٬۰۰۰']
['۰'],['۱۴۰۱'],True,True,True,['۱۱۱٬۱۱۱٬۱۱۱']
['۶۷٬۰۰۰'],['۱۳۹۸'],True,True,True,['۳۸۰٬۰۰۰٬۰۰۰']
['۲۲۰٬۰۰۰'],['۱۳۸۹'],True,True,False,['۲۸۵٬۰۰۰٬۰۰۰']
['۴۱۰٬۰۰۰'],['۱۳۸۵'],True,True,True,['۲۱۰٬۰۰۰٬۰۰۰']
['۲۰٬۰۰۰'],['۱۳۹۹'],True,True,True,['۴۲۵٬۰۰۰٬۰۰۰']
['۲۶۰٬۰۰۰'],['۱۳۸۳'],True,True,False,['۲۰۵٬۰۰۰٬۰۰۰']
['۴۸٬۰۰۰'],['۱۴۰۰'],True,True,True,['۴۰۵٬۰۰۰٬۰۰۰']
['۲۴۳٬۰۰۰'],['۱۳۹۰'],True,True,False,['۳۰۵٬۰۰۰٬۰۰۰']
['۵۱٬۰۰۰'],['۱۳۹۸'],True,True,True,['۴۱۲٬۰۰۰٬۰۰۰']
['۶۰٬۰۰۰'],['۱۳۹۸'],True,True,False,['۴۱۵٬۰۰۰٬۰۰۰']
['۱۸٬۰۰۰'],['۱۴۰۱'],True,True,True,['۴۷۰٬۰۰۰٬۰۰۰']
['۶۰٬۰۰۰'],['۱۳۹۹'],True,True,True,['۴۱۵٬۰۰۰٬۰۰۰']
['۸۰٬۰۰۰'],['۱۳۹۶'],True,True,True,['۳۵۸٬۰۰۰٬۰۰۰']
['۲۱۵٬۰۰۰'],['۱۳۸۷'],True,True,True,['۲۳۰٬۰۰۰٬۰۰۰']
['۴۸۰٬۰۰۰'],['۱۳۸۲'],True,True,True,['۱۶۵٬۰۰۰٬۰۰۰']
['۸۲٬۰۰۰'],['۱۳۹۴'],True,True,True,['۳۲۷٬۰۰۰٬۰۰۰']
['۵۳٬۰۰۰'],['۱۳۹۹'],True,True,True,['۴۱۰٬۰۰۰٬۰۰۰']
['۸۹٬۰۰۰'],['۱۳۸۹'],True,True,False,['۲۹۵٬۰۰۰٬۰۰۰']
['۲۰۳٬۰۰۰'],['۱۳۸۶'],True,True,False,['۲۱۰٬۰۰۰٬۰۰۰']
['۲۰۵٬۰۰۰'],['۱۳۸۴'],True,True,False,['۲۱۵٬۰۰۰٬۰۰۰']
['۷۴٬۰۰۰'],['۱۳۹۶'],True,True,True,['۳۶۵٬۰۰۰٬۰۰۰']
['۱۸۵٬۰۰۰'],['۱۳۸۷'],True,True,True,['۲۸۵٬۰۰۰٬۰۰۰']
['۳۵۰٬۰۰۰'],['۱۳۸۱'],True,True,False,['۱۹۸٬۰۰۰٬۰۰۰']
['۸٬۰۰۰'],['۱۴۰۱'],True,True,True,['۴۷۰٬۰۰۰٬۰۰۰']
['۱۲۵٬۰۰۰'],['۱۳۹۱'],True,True,False,['۲۹۵٬۰۰۰٬۰۰۰']
['۱۴۳٬۰۰۰'],['۱۳۸۳'],True,True,True,['۲۴۵٬۰۰۰٬۰۰۰']
['۲۰۰٬۰۰۰'],['۱۳۸۸'],True,True,False,['۲۷۰٬۰۰۰٬۰۰۰']
['۱۲۰٬۰۰۰'],['۱۳۹۸'],True,True,True,['۳۹۵٬۰۰۰٬۰۰۰']
['۱۴۴٬۰۰۰'],['۱۳۹۰'],True,True,True,['۲۷۵٬۰۰۰٬۰۰۰']
['۲۱۹٬۰۰۰'],['۱۳۸۳'],True,True,True,['۲۳۰٬۰۰۰٬۰۰۰']
['۲۰٬۰۰۰'],['۱۴۰۰'],True,True,False,['۴۶۰٬۰۰۰٬۰۰۰']
['۳۲۰٬۰۰۰'],['۱۳۸۴'],True,True,True,['۲۱۰٬۰۰۰٬۰۰۰']
['۱۹۲٬۰۰۰'],['۱۳۸۱'],True,True,False,['۱۹۵٬۰۰۰٬۰۰۰']
['۱۱۹٬۰۰۰'],['۱۳۹۵'],True,True,False,['۳۵۹٬۰۰۰٬۰۰۰']
['۲۱۸٬۰۰۰'],['۱۳۸۴'],True,True,False,['۲۲۰٬۰۰۰٬۰۰۰']
['۲۴۸٬۰۰۰'],['۱۳۸۸'],True,True,False,['۲۹۰٬۰۰۰٬۰۰۰']
['۰'],['۱۴۰۱'],False,False,True,[]
['۱۱۰٬۰۰۰'],['۱۳۹۶'],True,True,True,['۳۸۰٬۰۰۰٬۰۰۰']
['۰'],['۱۴۰۱'],False,False,True,[]
['۳۰٬۰۰۰'],['۱۳۹۹'],True,True,False,['۴۷۰٬۰۰۰٬۰۰۰']
['۲۱۳٬۰۰۰'],['۱۳۸۶'],False,True,False,['۲۱۰٬۰۰۰٬۰۰۰']
['۱۹۵٬۰۰۰'],['۱۳۸۷'],True,True,True,['۲۲۴٬۰۰۰٬۰۰۰']
['۱۰۰٬۰۰۰'],['۱۳۹۹'],True,True,True,['۴۰۷٬۰۰۰٬۰۰۰']
['۲٬۰۰۰'],['۱۴۰۱'],True,True,True,['۱۱۱٬۱۱۱٬۱۱۱']
['۲۴۰٬۰۰۰'],['۱۳۸۶'],False,True,True,['۲۲۰٬۰۰۰٬۰۰۰']
['۱۰۰'],['۱۴۰۱'],True,True,False,['۵۰۵٬۰۰۰٬۰۰۰']
['۴۴٬۰۰۰'],['۱۳۹۷'],True,True,False,['۳۹۵٬۰۰۰٬۰۰۰']
['۱۶٬۰۰۰'],['۱۴۰۰'],True,True,True,['۴۵۰٬۰۰۰٬۰۰۰']
['۲۳۷٬۰۰۰'],['۱۳۹۰'],False,False,True,['۱۱٬۱۱۱٬۱۱۱']
['۱۸۴٬۴۰۰'],['۱۳۸۷'],True,True,False,['۲۷۰٬۰۰۰٬۰۰۰']
['۳۸٬۰۰۰'],['۱۳۹۸'],True,True,False,['۴۰۰٬۰۰۰٬۰۰۰']
['۲۹۰٬۰۰۰'],['۱۳۸۹'],False,False,True,['۲۶۸٬۰۰۰٬۰۰۰']
['۲۳۲٬۰۰۰'],['۱۳۸۸'],True,True,True,['۲۳۵٬۰۰۰٬۰۰۰']
['۱۳۰٬۰۰۰'],['۱۳۹۵'],True,True,True,['۳۵۵٬۰۰۰٬۰۰۰']
['۱۳۷٬۰۰۰'],['۱۳۹۶'],True,True,True,['۳۶۸٬۰۰۰٬۰۰۰']
['  آخر ۱۳۹۹۴ روز پیش در تهران، لویزانزنگ خطرهای قبل از معاملهاطلاعات تماس چت کارکرد۲۳٬۵۰۰'],['۱۳۹۹'],True,True,True,['۴۳۰٬۰۰۰٬۰۰۰']
['۱۴۰٬۰۰۰'],['۱۳۹۵'],True,True,True,['۳۳۵٬۰۰۰٬۰۰۰']
['۱۶۶٬۰۰۰'],['۱۳۹۰'],True,True,True,['۳۰۰٬۰۰۰٬۰۰۰']
['۱۸٬۰۰۰'],['۱۴۰۰'],True,True,False,['۴۵۵٬۰۰۰٬۰۰۰']
['۱۰۰٬۰۰۰'],['۱۳۹۸'],True,True,True,['۳۸۵٬۰۰۰٬۰۰۰']
['۱۹۰٬۰۰۰'],['۱۳۸۱'],True,True,False,['۲۱۵٬۰۰۰٬۰۰۰']
['۲۷۰٬۰۰۰'],['۱۳۸۸'],True,True,True,['۲۵۵٬۰۰۰٬۰۰۰']
['۲۳۰٬۰۰۰'],['۱۳۸۹'],True,True,True,['۲۶۰٬۰۰۰٬۰۰۰']
['۲۵۷٬۰۰۰'],['۱۳۸۶'],False,False,True,['۲۲۵٬۰۰۰٬۰۰۰']
['۲۳۰٬۰۰۰'],['۱۳۸۸'],True,True,True,['۱۱٬۱۱۱٬۱۱۱']
['۴۵٬۰۰۰'],['۱۳۹۶'],True,True,False,['۳۹۰٬۰۰۰٬۰۰۰']
['۲۹۸٬۰۰۰'],['۱۳۸۲'],True,True,False,['۲۳۵٬۰۰۰٬۰۰۰']
['۳۵۰٬۰۰۰'],['۱۳۸۳'],True,True,False,['۱۸۵٬۰۰۰٬۰۰۰']
['۱۱۴٬۰۰۰'],['۱۳۹۸'],True,True,True,['۳۹۰٬۰۰۰٬۰۰۰']
['۲۳۰٬۰۰۰'],['۱۳۸۴'],False,False,True,['۲۲۰٬۰۰۰٬۰۰۰']
['۲۳۴٬۰۰۰'],['۱۳۸۶'],True,True,False,['۲۸۰٬۰۰۰٬۰۰۰']
['۱۱۳٬۰۰۰'],['۱۳۹۵'],True,True,False,['۳۶۳٬۰۰۰٬۰۰۰']
['۹۹٬۰۰۰'],['۱۳۹۷'],True,True,False,['۴۰۰٬۰۰۰٬۰۰۰']
['۸۷٬۰۰۰'],['۱۳۹۱'],True,True,False,['۳۶۰٬۰۰۰٬۰۰۰']
['۲۵۸٬۰۰۰'],['۱۳۸۵'],True,True,True,['۲۲۰٬۰۰۰٬۰۰۰']
['۵۵٬۰۰۰'],['۱۳۹۹'],True,True,True,['۴۲۰٬۰۰۰٬۰۰۰']
['۲۰۰٬۰۰۰'],['۱۳۸۲'],True,True,True,['۱۹۰٬۰۰۰٬۰۰۰']
['۲۵۰٬۰۰۰'],['۱۳۹۰'],True,True,False,['۲۸۵٬۰۰۰٬۰۰۰']
['۲۹۵٬۰۰۰'],['۱۳۹۱'],True,True,True,['۲۳۵٬۰۰۰٬۰۰۰']
[' جلو بندی کاملا سالم۴ روز پیش در تهران، پاسدارانزنگ خطرهای قبل از معاملهاطلاعات تماس چت کارکرد۷٬۰۰۰'],['۱۴۰۰'],True,True,True,['۴۱۵٬۰۰۰٬۰۰۰']
['۳۰۰٬۰۰۰'],['۱۳۸۲'],True,True,False,['۱۷۰٬۰۰۰٬۰۰۰']
['۲۹۰٬۰۰۰'],['۱۳۸۰'],True,True,True,['۱۸۵٬۰۰۰٬۰۰۰']
['۱۸۵٬۰۰۰'],['۱۳۹۶'],True,True,True,['۳۶۰٬۰۰۰٬۰۰۰']
['۱۸۷٬۰۰۰'],['۱۳۸۲'],True,True,False,['۲۰۳٬۰۰۰٬۰۰۰']
['۳۰۰٬۰۰۰'],['۱۳۸۳'],True,True,True,['۲۱۰٬۰۰۰٬۰۰۰']
['۲۷۵٬۰۰۰'],['۱۳۹۱'],True,True,False,['۲۵۵٬۰۰۰٬۰۰۰']
['۱۰۰٬۰۰۰'],['۱۳۹۷'],True,True,True,['۳۷۷٬۰۰۰٬۰۰۰']
['۴۰۰٬۰۰۰'],['۱۳۸۳'],True,True,False,['۱۸۵٬۰۰۰٬۰۰۰']
['۴۲۷٬۰۰۰'],['۱۳۸۲'],True,True,True,['۱۸۸٬۰۰۰٬۰۰۰']
['۱۶۰٬۰۰۰'],['۱۳۹۶'],True,True,True,['۳۱۰٬۰۰۰٬۰۰۰']
['۱۳۴٬۰۰۰'],['۱۳۹۴'],True,True,False,['۳۶۰٬۰۰۰٬۰۰۰']
['۳۵۰٬۰۰۰'],['۱۳۸۳'],True,True,True,['۲۰۰٬۰۰۰٬۰۰۰']
['۳۸۴٬۰۰۰'],['۱۳۸۵'],True,True,False,['۲۳۰٬۰۰۰٬۰۰۰']
['۱۰۰٬۰۷۹'],['۱۳۹۷'],True,True,False,['۳۷۷٬۰۰۰٬۰۰۰']
['۲۷۰٬۰۰۰'],['۱۳۸۱'],False,True,True,['۲۵۰٬۰۰۰٬۰۰۰']
['۱۵۸٬۰۰۰'],['۱۳۹۳'],True,True,False,['۳۳۵٬۰۰۰٬۰۰۰']
['۷۸٬۰۰۰'],['۱۳۹۶'],False,False,True,['۳۴۵٬۰۰۰٬۰۰۰']
['۱۸۰٬۰۰۰'],['۱۳۸۸'],True,True,False,['۳۱۰٬۰۰۰٬۰۰۰']
['۲۶۸٬۰۰۰'],['۱۳۸۲'],True,True,False,['۲۳۹٬۰۰۰٬۰۰۰']
['۱۱۰٬۰۰۰'],['۱۳۸۷'],True,True,True,['۳۷۰٬۰۰۰٬۰۰۰']
['۹۰٬۰۰۰'],['۱۳۹۷'],True,True,True,['۳۶۰٬۰۰۰٬۰۰۰']
['۲۹۹٬۰۰۰'],['۱۳۸۵'],False,False,True,['۲۱۸٬۰۰۰٬۰۰۰']
['۲۸۶٬۰۰۰'],['۱۳۸۳'],False,False,True,['۱۹۵٬۰۰۰٬۰۰۰']
['۳۵٬۰۰۰'],['۱۴۰۱'],True,True,False,['۴۷۲٬۰۰۰٬۰۰۰']
['۳۰۲٬۰۰۰'],['۱۳۸۶'],False,False,True,['۲۲۰٬۰۰۰٬۰۰۰']
['۱۶۲٬۰۰۰'],['۱۳۹۱'],True,True,True,['۲۷۷٬۰۰۰٬۰۰۰']
['۳۳٬۰۰۰'],['۱۴۰۰'],True,True,True,['۴۱۷٬۰۰۰٬۰۰۰']
['۳۵۰٬۰۰۰'],['۱۳۸۲'],True,True,False,['۲۰۰٬۰۰۰٬۰۰۰']
['۹۰٬۰۰۰'],['۱۳۹۶'],True,True,True,['۳۷۰٬۰۰۰٬۰۰۰']
['۲۵۰٬۰۰۰'],['۱۳۸۷'],True,True,True,['۲۳۵٬۰۰۰٬۰۰۰']
['۲۸۰٬۰۰۰'],['۱۳۸۴'],True,True,False,['۲۱۸٬۰۰۰٬۰۰۰']
['۲۴۴٬۰۰۰'],['۱۳۹۰'],True,True,True,['۲۴۲٬۰۰۰٬۰۰۰']
['۲۸۵٬۰۰۰'],['۱۳۸۱'],False,False,True,['۱۸۱٬۰۰۰٬۰۰۰']
['۳۱٬۰۰۰'],['۱۳۹۹'],True,True,True,['۴۲۰٬۰۰۰٬۰۰۰']
['۴۶۰٬۰۰۰'],['۱۳۸۱'],True,True,True,['۱۳۰٬۰۰۰٬۰۰۰']
['۲۹۰٬۰۰۰'],['۱۳۸۴'],False,False,True,['۲۱۰٬۰۰۰٬۰۰۰']
['۲۸۰٬۰۰۰'],['۱۳۹۰'],False,False,False,['۲۴۰٬۰۰۰٬۰۰۰']
['۱۳۰٬۰۰۰'],['۱۳۹۶'],True,True,True,['۳۴۵٬۰۰۰٬۰۰۰']
['۹۱٬۰۰۰'],['۱۳۹۱'],False,False,False,['۳۱۰٬۰۰۰٬۰۰۰']
['۷۲٬۰۰۰'],['۱۳۹۷'],True,True,True,['۳۸۹٬۰۰۰٬۰۰۰']
['۱۷۵٬۰۰۰'],['۱۳۹۷'],True,True,True,['۳۵۰٬۰۰۰٬۰۰۰']
['۱۴۴٬۰۰۰'],['۱۳۹۴'],True,True,True,['۳۰۵٬۰۰۰٬۰۰۰']
['۱۶۰٬۰۰۰'],['۱۳۹۰'],True,True,False,['۲۹۰٬۰۰۰٬۰۰۰']
['۳۲٬۰۰۰'],['۱۴۰۰'],False,True,True,['۴۴۰٬۰۰۰٬۰۰۰']
['۲۵۵٬۰۰۰'],['۱۳۸۵'],True,True,True,['۲۲۰٬۰۰۰٬۰۰۰']
['۲۰۰٬۰۰۰'],['۱۳۹۵'],True,True,True,['۳۳۸٬۰۰۰٬۰۰۰']
['۷۴٬۰۰۰'],['۱۳۹۸'],True,True,True,['۴۰۰٬۰۰۰٬۰۰۰']
['۲۷۰٬۰۰۰'],['۱۳۸۴'],True,True,True,['۲۱۲٬۰۰۰٬۰۰۰']
['۴۰۰٬۰۰۰'],['۱۳۸۳'],True,True,True,['۱۸۶٬۰۰۰٬۰۰۰']
['۲۰۸٬۰۰۰'],['۱۳۸۷'],False,False,False,['۲۵۵٬۰۰۰٬۰۰۰']
['۱۶٬۸۰۰'],['۱۳۸۵'],True,True,True,['۱۱۱٬۱۱۱٬۱۱۱']
['۲۳۵٬۰۰۰'],['۱۳۸۳'],True,True,False,['۲۱۲٬۰۰۰٬۰۰۰']
['۱۹۵٬۶۷۷'],['۱۳۸۹'],True,True,True,['۲۶۵٬۰۰۰٬۰۰۰']
['۴۳٬۰۰۰'],['۱۳۹۹'],True,True,True,['۴۱۰٬۰۰۰٬۰۰۰']
['۳۰۳٬۰۰۰'],['۱۳۸۴'],False,True,False,['۲۲۰٬۰۰۰٬۰۰۰']
['۱۶۰٬۰۰۰'],['۱۳۹۵'],False,False,True,['۳۰۵٬۰۰۰٬۰۰۰']
['۵۰۰٬۰۰۰'],['۱۳۸۴'],True,True,True,['۱۸۹٬۰۰۰٬۰۰۰']
['۲۵۰٬۰۰۰'],['۱۳۸۳'],True,True,False,['۱۶۰٬۰۰۰٬۰۰۰']
[' سالم با کولر روشن۶ روز پیش در تهران، یوسف\u200cآبادزنگ خطرهای قبل از معاملهاطلاعات تماس چت کارکرد۱۷۸٬۰۰۰'],['۱۳۸۲'],True,True,False,['۲۰۰٬۰۰۰٬۰۰۰']
['۸۲٬۰۰۰'],['۱۳۹۸'],True,True,True,['۴۰۰٬۰۰۰٬۰۰۰']
['۳۱۲٬۰۰۰'],['۱۳۸۹'],False,False,True,['۲۳۵٬۰۰۰٬۰۰۰']
['۱۴۰٬۰۰۰'],['۱۳۹۷'],True,True,False,['۳۹۰٬۰۰۰٬۰۰۰']
['۱۴۸٬۰۰۰'],['۱۳۹۵'],True,True,True,['۳۱۰٬۰۰۰٬۰۰۰']
['۳۸۰٬۰۰۰'],['۱۳۸۴'],True,True,False,['۲۳۲٬۰۰۰٬۰۰۰']
['۴٬۴۰۰'],['۱۳۹۹'],True,True,True,['۴۱۰٬۰۰۰٬۰۰۰']
['۲۸۰٬۰۰۰'],['۱۳۸۷'],True,True,True,['۲۳۳٬۰۰۰٬۰۰۰']
['۹۲٬۰۰۰'],['۱۳۹۹'],True,True,False,['۴۲۰٬۰۰۰٬۰۰۰']
['۳۶۸٬۰۰۰'],['۱۳۸۵'],True,True,False,['۲۵۰٬۰۰۰٬۰۰۰']
['۲۰۰٬۰۰۰'],['۱۳۸۵'],True,True,True,['۲۱۰٬۰۰۰٬۰۰۰']
['۲۵۰٬۰۰۰'],['۱۳۸۱'],True,True,True,['۲۶۰٬۰۰۰٬۰۰۰']
['۴۰٬۰۰۰'],['۱۴۰۰'],True,True,True,['۴۲۰٬۰۰۰٬۰۰۰']
['۳۴۷٬۰۰۰'],['۱۳۸۳'],True,True,True,['۱۹۲٬۰۰۰٬۰۰۰']
['۲۴۰٬۰۰۰'],['۱۳۸۴'],False,False,True,['۱۵۵٬۰۰۰٬۰۰۰']
['۲۷۰٬۰۰۰'],['۱۳۸۵'],True,True,False,['۲۲۹٬۰۰۰٬۰۰۰']
['۲۳۰٬۰۰۰'],['۱۳۸۵'],True,True,False,['۲۲۳٬۰۰۰٬۰۰۰']
['۵۰٬۰۰۰'],['۱۴۰۰'],True,True,False,['۴۵۰٬۰۰۰٬۰۰۰']
['۲۵٬۰۰۰'],['۱۴۰۰'],True,True,True,['۴۰۵٬۰۰۰٬۰۰۰']
['۱۰۳٬۰۰۰'],['۱۳۹۶'],True,True,False,['۳۸۵٬۰۰۰٬۰۰۰']
['۳۲۰٬۰۰۰'],['۱۳۸۴'],False,False,True,['۱۲۲٬۲۲۲٬۲۲۲']
['۵۳٬۰۰۰'],['۱۳۹۸'],True,True,True,['۴۰۵٬۰۰۰٬۰۰۰']
['۰'],['۱۴۰۱'],True,True,True,['۴۶۹٬۰۰۰٬۰۰۰']
['۲۱۸٬۰۰۰'],['۱۳۸۴'],True,True,False,['۲۲۵٬۰۰۰٬۰۰۰']
['۸۰٬۰۰۰'],['۱۳۹۴'],True,True,True,['۲۰۰٬۰۰۰٬۰۰۰']
['۴۲٬۰۰۰'],['۱۴۰۰'],True,True,False,['۴۶۵٬۰۰۰٬۰۰۰']
['۲٬۱۰۰'],['۱۳۹۵'],True,True,False,['۳۶۲٬۰۰۰٬۰۰۰']
['۱۹۰٬۰۰۰'],['۱۳۹۵'],True,True,True,['۳۵۱٬۵۰۰٬۰۰۰']
['۱۹۷٬۰۰۰'],['۱۳۹۰'],True,True,True,['۲۸۰٬۰۰۰٬۰۰۰']
['۳۴۷٬۰۰۰'],['۱۳۸۳'],True,True,True,['۲۱۰٬۰۰۰٬۰۰۰']
['۲۵۰٬۰۰۰'],['۱۳۹۱'],True,True,False,['۳۰۰٬۰۰۰٬۰۰۰']
['۲۸۰٬۰۰۰'],['۱۳۸۳'],True,True,False,['۲۱۲٬۰۰۰٬۰۰۰']
['۲۰۰٬۰۰۰'],['۱۳۸۳'],True,True,True,['۲۰۰٬۰۰۰٬۰۰۰']
['۷۵٬۰۰۰'],['۱۳۹۹'],True,True,False,['۴۴۸٬۰۰۰٬۰۰۰']
['۱۹۵٬۰۰۰'],['۱۳۸۸'],True,True,True,['۱۱۱٬۱۱۱٬۱۱۱']
['۳۸۰٬۰۰۰'],['۱۳۸۶'],False,False,True,['۱۹۵٬۰۰۰٬۰۰۰']
['۰'],['۱۴۰۲'],True,True,True,['۱۸۰٬۰۰۰٬۰۰۰']
['۰'],['۱۴۰۱'],True,True,True,['۴۷۳٬۹۰۰٬۰۰۰']
['۲۴۸٬۰۰۰'],['۱۳۹۰'],True,True,True,['۲۶۰٬۰۰۰٬۰۰۰']
['۳۶۰٬۰۰۰'],['۱۳۸۳'],True,True,True,['۲۰۵٬۰۰۰٬۰۰۰']
['۲۱۰٬۰۰۰'],['۱۳۹۰'],True,True,False,['۲۹۰٬۰۰۰٬۰۰۰']
['۴۱٬۰۰۰'],['۱۳۹۸'],False,False,True,['۳۹۰٬۰۰۰٬۰۰۰']
['۱۸۷٬۰۰۰'],['۱۳۸۵'],False,False,False,['۲۲۲٬۰۰۰٬۰۰۰']
['۱۸۰٬۰۰۰'],['۱۳۸۹'],True,True,False,['۳۱۵٬۰۰۰٬۰۰۰']
['۲۱۷٬۰۰۰'],['۱۳۹۱'],True,True,False,['۲۹۲٬۰۰۰٬۰۰۰']
['۲۵۰٬۰۰۰'],['۱۳۸۸'],True,True,False,['۲۸۰٬۰۰۰٬۰۰۰']
['۱۱۶٬۰۰۰'],['۱۳۹۷'],True,True,True,['۳۸۰٬۰۰۰٬۰۰۰']
['۳۳۵٬۰۰۰'],['۱۳۸۳'],False,True,False,['۲۱۰٬۰۰۰٬۰۰۰']
['۱۷۸٬۰۰۰'],['۱۳۹۵'],True,True,True,['۳۳۸٬۰۰۰٬۰۰۰']
['۳۰۰٬۰۰۰'],['۱۳۸۲'],True,True,True,['۱۸۵٬۰۰۰٬۰۰۰']
['۳۵۰٬۰۰۰'],['۱۳۸۵'],True,True,False,['۲۱۰٬۰۰۰٬۰۰۰']
['۷۰٬۰۰۰'],['۱۳۹۸'],True,True,True,['۳۷۵٬۰۰۰٬۰۰۰']
['۲۴۰٬۰۰۰'],['۱۳۸۹'],True,True,True,['۲۶۰٬۰۰۰٬۰۰۰']
['۲۱۴٬۰۰۰'],['۱۳۸۷'],True,True,True,['۲۱۰٬۰۰۰٬۰۰۰']
['۲۰۵٬۰۰۰'],['۱۳۹۱'],True,True,True,['۲۸۰٬۰۰۰٬۰۰۰']
['۴۱۰٬۰۰۰'],['۱۳۸۲'],True,True,True,['۱۸۵٬۰۰۰٬۰۰۰']
['۲۷۱٬۰۰۰'],['۱۳۸۲'],True,True,True,['۱۸۵٬۰۰۰٬۰۰۰']
['۰'],['۱۴۰۱'],False,False,True,['۱۱۱٬۱۱۱٬۱۱۱']
['۱۵٬۰۰۰'],['۱۴۰۱'],False,True,True,['۴۷۲٬۰۰۰٬۰۰۰']
['۲۷٬۰۰۰'],['۱۳۹۸'],True,True,False,['۴۳۰٬۰۰۰٬۰۰۰']
['۴۹٬۰۰۰'],['۱۳۹۹'],True,True,True,['۴۱۵٬۰۰۰٬۰۰۰']
['۳۰۰٬۰۰۰'],['۱۳۸۳'],True,True,False,['۲۱۰٬۰۰۰٬۰۰۰']
['۸۲٬۰۰۰'],['۱۳۹۶'],True,True,True,['۳۵۵٬۰۰۰٬۰۰۰']
['۹٬۰۰۰'],['۱۴۰۱'],True,True,True,['۴۸۰٬۰۰۰٬۰۰۰']
['۱۲۳٬۴۵۶'],['۱۳۸۲'],True,True,False,['۲۱۹٬۰۰۰٬۰۰۰']
['۲۲۸٬۰۰۰'],['۱۳۸۴'],True,True,False,['۲۲۰٬۰۰۰٬۰۰۰']
['۲۶۰٬۰۰۰'],['۱۳۸۶'],True,True,False,['۱۹۷٬۰۰۰٬۰۰۰']
['۷۷٬۰۰۰'],['۱۳۹۵'],True,True,False,['۳۷۰٬۰۰۰٬۰۰۰']
['۳۴٬۰۰۰'],['۱۳۹۰'],True,True,True,['۴۲۵٬۰۰۰٬۰۰۰']
['۱۸۰٬۰۰۰'],['۱۳۹۶'],True,True,True,['۳۶۰٬۰۰۰٬۰۰۰']
['۱۲۰٬۰۰۰'],['۱۳۹۷'],True,True,True,['۳۶۵٬۰۰۰٬۰۰۰']
['۱۷۵٬۰۰۰'],['۱۳۹۴'],True,True,True,['۳۲۵٬۰۰۰٬۰۰۰']
['۲۷۰٬۰۰۰'],['۱۳۸۲'],True,True,True,['۲۱۰٬۰۰۰٬۰۰۰']
['۲۲۰٬۰۰۰'],['۱۳۸۶'],True,True,True,['۱٬۱۱۱٬۱۱۱٬۱۱۱']
['۵۳٬۰۰۰'],['۱۳۹۹'],True,True,True,['۴۱۰٬۰۰۰٬۰۰۰']
['ه تمیز (نقدواقساط)۱ هفته پیش در تهران، اقدسیهزنگ خطرهای قبل از معاملهاطلاعات تماسکارکرد۱٬۰۰۰'],['۱۴۰۰'],True,True,True,['۵۱۰٬۰۰۰٬۰۰۰']
['۶۸٬۰۰۰'],['۱۳۹۷'],True,True,True,['۳۶۵٬۰۰۰٬۰۰۰']
['۱۱۷٬۰۰۰'],['۱۳۹۶'],True,True,True,['۳۵۲٬۰۰۰٬۰۰۰']
['۹۲٬۰۰۰'],['۱۳۹۶'],True,True,True,['۳۳۰٬۰۰۰٬۰۰۰']
['۱٬۰۰۰'],['۱۴۰۱'],True,True,False,['۴۹۵٬۰۰۰٬۰۰۰']
['۱۴٬۰۰۰'],['۱۳۹۹'],True,True,False,['۴۶۰٬۰۰۰٬۰۰۰']
['۱۱۷٬۰۰۰'],['۱۳۹۵'],True,True,True,['۳۴۸٬۰۰۰٬۰۰۰']
['۲۹۰٬۰۰۰'],['۱۳۸۲'],True,True,True,['۲۵۵٬۰۰۰٬۰۰۰']
['۱۰٬۰۰۰'],['۱۴۰۱'],True,True,False,['۴۹۰٬۰۰۰٬۰۰۰']
['۱۴۰٬۰۰۰'],['۱۳۹۱'],True,True,True,['۲۹۵٬۰۰۰٬۰۰۰']
['۱۶۸٬۰۰۰'],['۱۳۸۹'],True,True,False,['۲۱۵٬۰۰۰٬۰۰۰']
['۲۲٬۰۰۰'],['۱۴۰۰'],True,True,True,['۴۵۰٬۰۰۰٬۰۰۰']
['۲۲۳٬۰۰۰'],['۱۳۸۶'],False,False,True,['۱۹۵٬۰۰۰٬۰۰۰']
['۲۹۰٬۰۰۰'],['۱۳۸۶'],True,True,True,['۲۲۵٬۰۰۰٬۰۰۰']
['۱۶۰٬۰۰۰'],['۱۳۹۴'],True,True,False,['۳۵۵٬۰۰۰٬۰۰۰']
['۱۰۰٬۰۰۰'],['۱۳۹۸'],True,True,True,['۴۰۰٬۰۰۰٬۰۰۰']
['۴۴٬۰۰۰'],['۱۳۹۸'],True,True,False,['۴۲۰٬۰۰۰٬۰۰۰']
['۱۰۶٬۰۰۰'],['۱۳۹۰'],True,True,False,['۳۰۳٬۰۰۰٬۰۰۰']
['۳۰٬۰۰۰'],['۱۳۹۹'],False,False,True,['۲۲۰٬۰۰۰٬۰۰۰']
['۱٬۰۰۰'],['۱۴۰۰'],True,True,True,['۳۰۰٬۰۰۰٬۰۰۰']
['۳۰۰٬۰۰۰'],['۱۳۸۳'],True,True,True,['۲۱۰٬۰۰۰٬۰۰۰']
['۱۸۵٬۰۰۰'],['۱۳۹۰'],True,True,False,['۲۸۰٬۰۰۰٬۰۰۰']
['۵۵٬۰۰۰'],['۱۳۹۸'],True,True,True,['۴۰۰٬۰۰۰٬۰۰۰']
['۲۴۷٬۰۰۰'],['۱۳۸۹'],True,True,True,['۳۵۰٬۰۰۰٬۰۰۰']
['۱٬۰۰۰'],['۱۴۰۰'],True,True,True,['۴۰۰٬۰۰۰٬۰۰۰']
['۷۴٬۰۰۰'],['۱۳۹۶'],True,True,True,['۳۷۵٬۰۰۰٬۰۰۰']
['۳۲۰٬۰۰۰'],['۱۳۸۱'],True,True,False,['۱۹۸٬۰۰۰٬۰۰۰']
['۱۵۰٬۰۰۰'],['۱۳۹۷'],False,True,True,['۳۵۳٬۰۰۰٬۰۰۰']
['۳۰۰٬۰۰۰'],['۱۳۸۳'],True,True,False,['۲۳۰٬۰۰۰٬۰۰۰']
['۳۶۰٬۰۰۰'],['۱۳۸۳'],True,True,False,['۱۸۵٬۰۰۰٬۰۰۰']
['۰'],['۱۴۰۱'],True,True,True,['۴۹۵٬۰۰۰٬۰۰۰']
['۴۲٬۰۰۰'],['۱۴۰۰'],True,True,True,['۴۴۲٬۰۰۰٬۰۰۰']
['۱۷۸٬۰۰۰'],['۱۳۸۹'],True,True,False,['۲۸۴٬۰۰۰٬۰۰۰']
['۴۰٬۰۰۰'],['۱۳۹۹'],True,True,True,['۴۳۰٬۰۰۰٬۰۰۰']
['۲۸۰٬۰۰۰'],['۱۳۸۹'],True,True,True,['۲۵۳٬۰۰۰٬۰۰۰']
['۴۸٬۹۰۰'],['۱۳۹۶'],True,True,False,['۴۰۰٬۰۰۰٬۰۰۰']
['۳۰۰٬۰۰۰'],['۱۳۸۳'],False,False,True,['۲۰۰٬۰۰۰٬۰۰۰']
['۵۹٬۰۰۰'],['۱۳۹۷'],True,True,True,['۳۸۵٬۰۰۰٬۰۰۰']
['۲۲٬۰۰۰'],['۱۳۹۹'],True,True,False,['۴۴۰٬۰۰۰٬۰۰۰']
['۱۳۵٬۰۰۰'],['۱۳۸۹'],True,True,False,['۳۱۵٬۰۰۰٬۰۰۰']
['۰'],['۱۴۰۱'],True,True,True,[]
['۲۰۰٬۰۰۰'],['۱۳۸۷'],True,True,True,['۲۵۰٬۰۰۰٬۰۰۰']
['۲۱٬۹۰۰'],['۱۴۰۰'],False,True,True,['۴۳۵٬۰۰۰٬۰۰۰']
['۱۴۵٬۰۰۰'],['۱۳۹۶'],True,True,True,['۳۶۸٬۰۰۰٬۰۰۰']
['۹۳٬۰۰۰'],['۱۳۹۸'],True,True,True,['۴۰۰٬۰۰۰٬۰۰۰']
['۱۸۰٬۰۰۰'],['۱۳۹۷'],True,True,True,['۳۴۵٬۰۰۰٬۰۰۰']
['۳۴۰٬۰۰۰'],['۱۳۸۶'],True,True,False,['۲۳۰٬۰۰۰٬۰۰۰']
['۱ هفته پیش در تهران، استاد معینزنگ خطرهای قبل از معاملهاطلاعات تماس چت کارکرد۲۲۰٬۰۰۰'],['۱۳۸۶'],True,True,True,['۲۳۵٬۰۰۰٬۰۰۰']
['۹۶٬۰۰۰'],['۱۳۹۷'],True,True,True,['۳۷۰٬۰۰۰٬۰۰۰']
['۷۳٬۰۰۰'],['۱۳۹۶'],True,True,False,['۴۱۰٬۰۰۰٬۰۰۰']
['۱۵۰٬۰۰۰'],['۱۳۹۰'],True,True,False,['۳۰۰٬۰۰۰٬۰۰۰']
['۲۱۰٬۰۰۰'],['۱۳۸۹'],False,False,True,['۲۵۰٬۰۰۰٬۰۰۰']
['۴۸٬۰۰۰'],['۱۳۹۷'],True,True,True,['۳۸۰٬۰۰۰٬۰۰۰']
['۲۲۰٬۰۰۰'],['۱۳۸۷'],True,True,False,['۲۵۵٬۰۰۰٬۰۰۰']
['۳۲۴٬۰۰۰'],['۱۳۸۸'],True,True,False,['۲۸۰٬۰۰۰٬۰۰۰']
['۶۸٬۰۰۰'],['۱۳۹۷'],False,False,True,['۳۶۰٬۰۰۰٬۰۰۰']
['۲۸۵٬۰۰۰'],['۱۳۸۳'],True,True,True,['۲۰۲٬۰۰۰٬۰۰۰']
['۱۹۰٬۰۰۰'],['۱۳۸۹'],False,False,False,['۲۴۸٬۰۰۰٬۰۰۰']
['۳۰۰٬۰۰۰'],['۱۳۸۳'],False,False,True,['۱۸۰٬۰۰۰٬۰۰۰']
['۲۸۰٬۰۰۰'],['۱۳۸۵'],True,True,True,['۲۲۵٬۰۰۰٬۰۰۰']
['۸۳٬۰۰۰'],['۱۳۹۸'],True,True,False,['۴۱۵٬۰۰۰٬۰۰۰']
['۳۲۰٬۰۰۰'],['۱۳۸۶'],True,True,True,['۱۱٬۱۱۱٬۱۱۱']
['۲۷۰٬۰۰۰'],['۱۳۸۹'],True,True,True,['۲۵۳٬۰۰۰٬۰۰۰']
['۸۸٬۰۰۰'],['۱۳۹۸'],True,True,False,['۴۱۳٬۰۰۰٬۰۰۰']
['۲۵۵٬۰۰۰'],['۱۳۸۴'],False,False,False,['۱۸۵٬۰۰۰٬۰۰۰']
['۱۱۵٬۰۰۰'],['۱۳۹۵'],True,True,True,['۳۶۰٬۰۰۰٬۰۰۰']
['۱۴۰٬۰۰۰'],['۱۳۹۶'],True,True,True,['۳۶۰٬۰۰۰٬۰۰۰']
['۳۹۰٬۰۰۰'],['۱۳۸۳'],True,True,True,['۱۶۸٬۵۰۰٬۰۰۰']
['۱٬۸۰۰'],['۱۴۰۱'],True,True,False,['۴۹۸٬۰۰۰٬۰۰۰']
['۲۹۵٬۰۰۰'],['۱۳۸۱'],False,True,False,['۱۶۵٬۰۰۰٬۰۰۰']
['۱۲۵٬۰۰۰'],['۱۳۹۵'],True,True,True,['۳۵۰٬۰۰۰٬۰۰۰']
['۰'],['۱۴۰۱'],True,True,True,['۵۱۲٬۰۰۰٬۰۰۰']
['۵۰٬۰۰۰'],['۱۳۹۸'],True,True,True,['۴۱۵٬۰۰۰٬۰۰۰']
['۲۰۰٬۰۰۰'],['۱۳۸۹'],True,True,False,['۲۷۰٬۰۰۰٬۰۰۰']
['۳۵۰٬۰۰۰'],['۱۳۸۴'],True,True,False,['۲۲۰٬۰۰۰٬۰۰۰']
['۸۰٬۰۰۰'],['۱۳۹۷'],True,True,False,['۳۹۵٬۰۰۰٬۰۰۰']
['۱۱۰٬۰۰۰'],['۱۳۹۷'],True,True,True,['۳۶۰٬۰۰۰٬۰۰۰']
['۲۴۰٬۰۰۰'],['۱۳۹۰'],True,True,False,['۳۲۰٬۰۰۰٬۰۰۰']
['۳۲۰٬۰۰۰'],['۱۳۸۵'],True,True,False,['۲۴۵٬۰۰۰٬۰۰۰']
['۲۰۶٬۰۰۰'],['۱۳۹۱'],True,True,False,['۳۳۰٬۰۰۰٬۰۰۰']
['۱۰٬۰۰۰'],['۱۴۰۰'],True,True,True,['۴۵۰٬۰۰۰٬۰۰۰']
['۳۶٬۰۰۰'],['۱۴۰۰'],True,True,True,['۴۴۸٬۰۰۰٬۰۰۰']
['۳۳٬۰۰۰'],['۱۳۹۸'],True,True,True,['۴۱۰٬۰۰۰٬۰۰۰']
['۷۸٬۰۰۰'],['۱۳۹۶'],True,True,True,['۳۵۵٬۰۰۰٬۰۰۰']
['۱۲٬۰۰۰'],['۱۴۰۱'],True,True,False,['۴۸۵٬۰۰۰٬۰۰۰']
['۶۳٬۰۰۰'],['۱۴۰۰'],True,True,True,['۴۳۰٬۰۰۰٬۰۰۰']
['۴۵٬۰۰۰'],['۱۴۰۰'],True,True,True,['۴۳۵٬۰۰۰٬۰۰۰']
['۳۴۰٬۰۰۰'],['۱۳۸۴'],True,True,True,['۱٬۹۰۰٬۰۰۰٬۰۰۰']
['۸٬۵۰۰'],['۱۴۰۱'],True,True,False,['۵۲۵٬۰۰۰٬۰۰۰']
['۳۰۰٬۰۰۰'],['۱۳۸۴'],True,True,False,['۲۳۰٬۰۰۰٬۰۰۰']
['۰'],['۱۴۰۰'],True,True,False,['۴۹۵٬۰۰۰٬۰۰۰']
['۳۰۰٬۰۰۰'],['۱۳۸۷'],True,True,True,['۲۲۵٬۰۰۰٬۰۰۰']
['۱۹۶٬۰۰۰'],['۱۳۸۲'],True,True,True,['۲۷۵٬۰۰۰٬۰۰۰']
['۲۸۰٬۰۰۰'],['۱۳۸۱'],True,True,True,['۱۸۵٬۰۰۰٬۰۰۰']
['۳۰۰٬۰۰۰'],['۱۳۸۲'],True,True,True,['۱۸۲٬۰۰۰٬۰۰۰']
['۱۶۷٬۰۰۰'],['۱۳۸۸'],True,True,False,['۲۹۰٬۰۰۰٬۰۰۰']
['۷۳'],['۱۴۰۱'],False,False,True,['۵۰۰٬۰۰۰٬۰۰۰']
['۲۴۵٬۰۰۰'],['۱۳۸۳'],True,True,False,['۲۴۰٬۰۰۰٬۰۰۰']
['۱۴۰٬۰۰۰'],['۱۳۹۱'],True,True,False,['۳۱۰٬۰۰۰٬۰۰۰']
['۱۴۰٬۰۰۰'],['۱۳۹۶'],True,True,True,['۳۴۰٬۰۰۰٬۰۰۰']
['۱۲۳٬۰۰۰'],['۱۳۹۷'],True,True,True,['۳۸۰٬۰۰۰٬۰۰۰']
['۸۰٬۰۰۰'],['۱۳۹۹'],True,True,True,['۴٬۱۵۰٬۰۰۰٬۰۰۰']
['۲۴٬۰۰۰'],['۱۳۹۹'],True,True,True,['۴۰۰٬۰۰۰٬۰۰۰']
['۴۰۰٬۰۰۰'],['۱۳۸۰'],True,True,True,['۲۱۰٬۰۰۰٬۰۰۰']
['۶۲٬۰۰۰'],['۱۳۹۸'],False,False,True,['۳۶۹٬۰۰۰٬۰۰۰']
['۱۷۰٬۰۰۰'],['۱۳۸۶'],True,True,True,['۲۳۰٬۰۰۰٬۰۰۰']
['۲۳۴٬۰۰۰'],['۱۳۸۲'],True,True,True,['۱۸۵٬۰۰۰٬۰۰۰']
['۲۷۰٬۰۰۰'],['۱۳۸۹'],False,False,True,['۲۵۷٬۰۰۰٬۰۰۰']
['۲۵۶٬۰۰۰'],['۱۳۸۴'],True,True,False,['۲۱۸٬۰۰۰٬۰۰۰']
['۳۱۰٬۰۰۰'],['۱۳۸۹'],False,False,False,['۲۵۰٬۰۰۰٬۰۰۰']
['۱۵۰٬۰۰۰'],['۱۳۹۶'],True,True,False,['۳۷۵٬۰۰۰٬۰۰۰']
['۳۷٬۰۰۰'],['۱۳۹۷'],True,True,False,['۳۹۰٬۰۰۰٬۰۰۰']
['۱۲۰٬۰۰۰'],['۱۳۸۸'],True,True,True,['۲۵۰٬۰۰۰٬۰۰۰']
['۳۱۳٬۴۰۰'],['۱۳۸۶'],False,False,True,['۱۹۰٬۰۰۰٬۰۰۰']
['۲۵۰٬۰۰۰'],['۱۳۸۵'],True,True,True,['۲۲۶٬۰۰۰٬۰۰۰']
['۴۵۰٬۰۰۰'],['۱۳۸۳'],True,True,False,['۱۷۶٬۰۰۰٬۰۰۰']
['۷٬۲۰۰'],['۱۴۰۱'],True,True,True,['۴۷۵٬۰۰۰٬۰۰۰']
['۱۷۸٬۰۰۰'],['۱۳۹۵'],True,True,False,['۳۶۰٬۰۰۰٬۰۰۰']
['۱۰۶٬۰۰۰'],['۱۳۹۴'],True,True,True,['۳۴۰٬۰۰۰٬۰۰۰']
['۳۲٬۰۰۰'],['۱۳۹۸'],True,True,False,['۴۲۰٬۰۰۰٬۰۰۰']
['۳۸٬۰۰۰'],['۱۴۰۰'],True,True,False,['۴۶۸٬۰۰۰٬۰۰۰']
['۱۶۴٬۰۰۰'],['۱۳۸۹'],True,True,False,['۲۹۵٬۰۰۰٬۰۰۰']
['۲۹۸٬۰۰۰'],['۱۳۸۸'],True,True,False,['۳۱۰٬۰۰۰٬۰۰۰']
['۱۲۶٬۰۰۰'],['۱۳۹۴'],False,False,True,['۳۱۵٬۰۰۰٬۰۰۰']
['۱۷۰٬۰۰۰'],['۱۳۸۸'],True,True,True,['۲۵۹٬۰۰۰٬۰۰۰']
['۰'],['۱۴۰۱'],True,True,True,['۱۱٬۱۱۱٬۱۱۱٬۱۱۱']
['۳۲۰٬۰۰۰'],['۱۳۸۲'],True,True,True,['۱۹۰٬۰۰۰٬۰۰۰']
['۱۹٬۵۰۰'],['۱۴۰۰'],True,True,False,['۴۶۰٬۰۰۰٬۰۰۰']
['۱۴۰٬۰۰۰'],['۱۳۹۰'],True,True,False,['۳۱۰٬۰۰۰٬۰۰۰']
['۳۰۰٬۰۰۰'],['۱۳۸۱'],True,True,True,['۲۱۰٬۰۰۰٬۰۰۰']
['۲۴۷٬۰۰۰'],['۱۳۸۹'],True,True,True,['۲۶۰٬۰۰۰٬۰۰۰']
['۷۸٬۰۰۰'],['۱۳۹۹'],True,True,False,['۴۲۵٬۰۰۰٬۰۰۰']
['۱۹۱٬۰۰۰'],['۱۳۹۰'],True,True,False,['۳۰۰٬۰۰۰٬۰۰۰']
['۱۸۰٬۰۰۰'],['۱۳۸۴'],True,True,True,['۲۱۰٬۰۰۰٬۰۰۰']
['۲۴۰٬۰۰۰'],['۱۳۸۹'],True,True,False,['۲۸۵٬۰۰۰٬۰۰۰']
['۳۶۰٬۰۰۰'],['۱۳۸۵'],True,True,True,['۲۲۶٬۰۰۰٬۰۰۰']
['۱۹۳٬۰۰۰'],['۱۳۹۱'],True,True,False,['۳۱۰٬۰۰۰٬۰۰۰']
['۱ هفته پیش در تهران، پیروزیزنگ خطرهای قبل از معاملهاطلاعات تماس چت کارکرد۵۵٬۰۰۰'],['۱۳۹۸'],True,True,True,['۴۰۰٬۰۰۰٬۰۰۰']
['۳۰۰٬۰۰۰'],['۱۳۸۵'],True,True,True,['۲۲۵٬۰۰۰٬۰۰۰']
['۲۰۰٬۰۰۰'],['۱۳۸۶'],False,False,True,['۲۰۰٬۰۰۰٬۰۰۰']
['۲۰۰٬۰۰۰'],['۱۳۹۱'],True,True,False,['۲۲۰٬۰۰۰٬۰۰۰']
['۳۷٬۰۰۰'],['۱۴۰۰'],True,True,True,['۱۰٬۰۰۰٬۰۰۰']
['۷۵٬۰۰۰'],['۱۳۹۶'],True,True,True,['۳۷۰٬۰۰۰٬۰۰۰']
['۲۸۴٬۰۰۰'],['۱۳۸۳'],True,True,False,['۲۲۵٬۰۰۰٬۰۰۰']
['۳۳٬۰۰۰'],['۱۴۰۰'],True,True,True,['۴۳۴٬۰۰۰٬۰۰۰']
['۳۵٬۰۰۰'],['۱۳۸۵'],True,True,True,['۱۹۰٬۰۰۰٬۰۰۰']
['۱۵۹٬۰۰۰'],['۱۳۸۹'],True,True,True,['۲۶۰٬۰۰۰٬۰۰۰']
['۱٬۷۰۰'],['۱۴۰۱'],True,True,False,['۵۰۰٬۰۰۰٬۰۰۰']
['۱۸۶٬۰۰۰'],['۱۳۸۶'],True,True,False,['۲۴۵٬۰۰۰٬۰۰۰']
['۴۵۹٬۰۰۰'],['۱۳۸۳'],True,True,True,['۲۱۰٬۰۰۰٬۰۰۰']
['۳۸۰٬۰۰۰'],['۱۳۸۵'],False,False,False,['۱۸۵٬۰۰۰٬۰۰۰']
['۱ هفته پیش در تهران، کوی نوبنیادزنگ خطرهای قبل از معاملهاطلاعات تماس چت کارکرد۱۶۰٬۰۰۰'],['۱۳۸۲'],True,True,False,['۲۳۰٬۰۰۰٬۰۰۰']
['۵۲٬۰۰۰'],['۱۳۹۷'],True,True,True,['۳۷۵٬۰۰۰٬۰۰۰']
['۵۰۰٬۰۰۰'],['۱۳۸۲'],False,False,False,['۱۶۵٬۰۰۰٬۰۰۰']
['۷۰٬۰۰۰'],['۱۳۹۸'],True,True,True,['۳۹۵٬۰۰۰٬۰۰۰']
['۵۹٬۰۰۰'],['۱۳۹۸'],True,True,True,['۴۱۲٬۰۰۰٬۰۰۰']
['۴۴٬۰۰۰'],['۱۳۹۹'],True,True,True,['۱۱۱٬۱۱۱٬۱۱۱']
['۲۷۰٬۰۰۰'],['۱۳۸۵'],False,True,False,['۲۱۰٬۰۰۰٬۰۰۰']
['۷۶٬۰۰۰'],['۱۳۹۶'],True,True,True,['۳۵۰٬۰۰۰٬۰۰۰']
['۲۰٬۰۰۰'],['۱۴۰۰'],True,True,True,['۴۳۵٬۰۰۰٬۰۰۰']
['۲۴۰٬۰۰۰'],['۱۳۸۸'],True,True,False,['۲۸۸٬۰۰۰٬۰۰۰']
['۱۴۷٬۰۰۰'],['۱۳۸۹'],True,True,False,['۲۹۸٬۰۰۰٬۰۰۰']
['۱۸۹٬۰۰۰'],['۱۳۸۸'],True,True,False,['۲۸۶٬۰۰۰٬۰۰۰']
['۱۲۸٬۰۰۰'],['۱۳۹۴'],True,True,False,['۳۶۰٬۰۰۰٬۰۰۰']
['۷۰٬۰۰۰'],['۱۳۹۷'],True,True,False,['۴۰۰٬۰۰۰٬۰۰۰']
['۱۳۲٬۰۰۰'],['۱۳۸۸'],True,True,False,['۲۹۸٬۰۰۰٬۰۰۰']
['۲۶۰٬۰۰۰'],['۱۳۸۹'],True,True,False,['۲۲۰٬۰۰۰٬۰۰۰']
['۳۵٬۰۰۰'],['۱۳۹۹'],True,True,True,['۴۱۵٬۰۰۰٬۰۰۰']
['۱۴۸٬۰۰۰'],['۱۳۹۵'],True,True,False,['۳۶۲٬۰۰۰٬۰۰۰']
['۳۰۰٬۰۰۰'],['۱۳۸۲'],True,True,True,['۱۸۰٬۰۰۰٬۰۰۰ تومانتوضیحاتپزو ۲۰۶مدل۸۲ فنی سالم چند لکه رنگ عقب جلو پلمپ قیمت ۱۷۰میلیون']
['۱۶٬۰۰۰'],['۱۳۹۸'],True,True,True,['۴۴۸٬۰۰۰٬۰۰۰ تومانفروش اقساطیحداقل مبلغ پیش\u200cپرداخت۲۷۰٬۰۰۰٬۰۰۰']
['۱۴۷٬۰۰۰'],['۱۳۹۶'],True,True,True,['۳۵۸٬۰۰۰٬۰۰۰']
['۱۵۰٬۰۰۰'],['۱۳۹۵'],True,True,False,['۳۶۲٬۰۰۰٬۰۰۰']
['۳۲٬۰۰۰'],['۱۳۹۹'],True,True,False,['۴۵۰٬۰۰۰٬۰۰۰']
['۶۰٬۰۰۰'],['۱۴۰۰'],True,True,False,['۴۶۰٬۰۰۰٬۰۰۰']
['۱٬۰۰۰'],['۱۳۸۶'],True,True,True,['۳۴۵٬۰۰۰٬۰۰۰']
['۲۵۰٬۰۰۰'],['۱۳۸۵'],False,False,True,['۲۱۵٬۰۰۰٬۰۰۰']
['۱ هفته پیش در تهران، گیشا (کوی نصر)زنگ خطرهای قبل از معاملهاطلاعات تماس چت کارکرد۱۳۸٬۰۰۰'],['۱۳۸۹'],True,True,False,['۲۹۵٬۰۰۰٬۰۰۰']
['۲۹۸٬۰۰۰'],['۱۳۸۲'],True,True,True,['۲۵۵٬۰۰۰٬۰۰۰']
['۴۶٬۰۰۰'],['۱۴۰۰'],True,True,False,['۴۵۰٬۰۰۰٬۰۰۰']
['۳۰۰٬۰۰۰'],['۱۳۸۴'],True,True,True,['۱۸۵٬۰۰۰٬۰۰۰']
['۱۴۲٬۰۰۰'],['۱۳۸۸'],True,True,False,['۲۸۰٬۰۰۰٬۰۰۰']
['۱ هفته پیش در تهران، آراراتزنگ خطرهای قبل از معاملهاطلاعات تماس چت کارکرد۹۹٬۰۰۰'],['۱۳۸۸'],True,True,False,['۲۸۰٬۰۰۰٬۰۰۰']
['۲۰۰٬۰۰۰'],['۱۳۸۳'],True,True,True,['۲۲۷٬۰۰۰٬۰۰۰']
['۱۹۵٬۰۰۰'],['۱۳۸۸'],True,True,False,['۲۵۲٬۰۰۰٬۰۰۰']
['۴۶۰٬۰۰۰'],['۱۳۸۲'],True,True,False,['۱۸۵٬۰۰۰٬۰۰۰']
['۲۶۰٬۰۰۰'],['۱۳۸۸'],False,True,True,['۲۶۰٬۰۰۰٬۰۰۰']
['۷٬۰۰۰'],['۱۴۰۱'],True,True,False,['۴۹۳٬۰۰۰٬۰۰۰']
['۶۳٬۰۰۰'],['۱۳۹۷'],False,True,True,['۳۸۵٬۰۰۰٬۰۰۰']
['۵٬۷۰۰'],['۱۳۹۹'],True,True,False,['۴۶۵٬۰۰۰٬۰۰۰']
['۲۷۰٬۰۰۰'],['۱۳۸۹'],True,True,False,['۲۷۳٬۰۰۰٬۰۰۰']
['۳۶۵٬۰۰۰'],['۱۳۸۴'],True,True,True,['۲۱۰٬۰۰۰٬۰۰۰']
['۴۵٬۰۰۰'],['۱۴۰۰'],True,True,False,['۴۵۰٬۰۰۰٬۰۰۰']
['۵۵٬۰۰۰'],['۱۴۰۰'],True,True,True,['۴۳۵٬۰۰۰٬۰۰۰']
['۲۱۶٬۰۰۰'],['۱۳۸۸'],True,True,False,['۲۹۰٬۰۰۰٬۰۰۰']
['۲۵۰٬۰۰۰'],['۱۳۸۹'],True,True,True,['۲۶۰٬۰۰۰٬۰۰۰']
['۱۷۴٬۰۰۰'],['۱۳۹۰'],True,True,False,['۳۱۰٬۰۰۰٬۰۰۰']
['۶۵٬۰۰۰'],['۱۳۹۹'],True,True,True,['۴۱۲٬۰۰۰٬۰۰۰']
['۸۳٬۰۰۰'],['۱۳۹۶'],True,True,True,['۳۴۳٬۰۰۰٬۰۰۰']
['۰'],['۱۴۰۱'],True,True,True,['۴۸۷٬۵۰۰٬۰۰۰']
['۱۶۰٬۰۰۰'],['۱۳۹۷'],True,True,True,['۱۱٬۱۱۱٬۱۱۱']
['۱۷۳٬۰۰۰'],['۱۳۹۶'],True,True,True,['۳۶۰٬۰۰۰٬۰۰۰']
['۱۹۷٬۰۰۰'],['۱۳۹۰'],True,True,False,['۳۰۰٬۰۰۰٬۰۰۰']
['۳۱۵٬۰۰۰'],['۱۳۸۵'],True,True,True,['۱۱٬۱۱۱٬۱۱۱']
['۹۸٬۰۰۰'],['۱۳۹۷'],True,True,False,['۳۹۰٬۰۰۰٬۰۰۰']
['۱۷۰٬۰۰۰'],['۱۳۸۲'],True,True,False,['۲۵۰٬۰۰۰٬۰۰۰']
['۲۰۸٬۰۰۰'],['۱۳۸۴'],False,False,True,['۱۹۹٬۰۰۰٬۰۰۰']
['۳۰٬۰۰۰'],['۱۴۰۰'],True,True,True,['۳۰۰٬۰۰۰٬۰۰۰']
['۴۰٬۰۰۰'],['۱۳۹۹'],True,True,True,['۴۲۸٬۰۰۰٬۰۰۰']
['۱۴۸٬۰۰۰'],['۱۳۹۴'],True,True,True,['۳۱۵٬۰۰۰٬۰۰۰']
['۲۴۰٬۰۰۰'],['۱۳۸۸'],True,True,True,['۲۴۰٬۰۰۰٬۰۰۰']
['۲۴۰٬۰۰۰'],['۱۳۹۰'],True,True,True,['۲۷۸٬۰۰۰٬۰۰۰']
['۲۰۳٬۰۰۰'],['۱۳۸۶'],True,True,True,['۲۳۰٬۰۰۰٬۰۰۰']
['۷۷٬۰۰۰'],['۱۳۹۷'],True,True,False,['۴۰۰٬۰۰۰٬۰۰۰']
['۰'],['۱۴۰۱'],True,True,True,['۴۹۴٬۵۰۰٬۰۰۰']
['۰'],['۱۴۰۱'],True,True,True,['۱۱٬۱۱۱٬۱۱۱']
['۷۸٬۰۰۰'],['۱۳۹۶'],True,True,True,['۳۶۰٬۰۰۰٬۰۰۰']
['۱۲۴٬۰۰۰'],['۱۳۹۶'],True,True,False,['۴۰۰٬۰۰۰٬۰۰۰']
['۲۱٬۰۰۰'],['۱۳۹۹'],True,True,False,['۴۵۰٬۰۰۰٬۰۰۰']
['۳۰۰٬۰۰۰'],['۱۳۸۴'],True,True,False,['۲۲۵٬۰۰۰٬۰۰۰']
['۳۰٬۰۰۰'],['۱۳۸۸'],True,True,False,['۲۷۵٬۰۰۰٬۰۰۰']
['۸۴٬۰۰۰'],['۱۳۹۶'],True,True,True,['۳۶۵٬۰۰۰٬۰۰۰']
['۴۴۰٬۰۰۰'],['۱۳۸۴'],True,True,True,['۲۰۷٬۰۰۰٬۰۰۰']
['۱۸۰٬۰۰۰'],['۱۳۸۵'],False,False,True,['۱۲۸٬۰۰۰٬۰۰۰']
['۲۸۰٬۰۰۰'],['۱۳۸۱'],True,True,True,['۱۶۸٬۰۰۰٬۰۰۰']
['۲۴۵٬۷۷۴'],['۱۳۸۸'],True,True,False,['۲۶۵٬۰۰۰٬۰۰۰']
['۷۰٬۰۰۰'],['۱۳۹۸'],True,True,True,['۴۰۰٬۰۰۰٬۰۰۰']
['۳۶٬۸۰۰'],['۱۳۹۹'],True,True,False,['۴۴۰٬۰۰۰٬۰۰۰']
['۲۷٬۰۰۰'],['۱۴۰۰'],True,True,True,['۴۳۵٬۰۰۰٬۰۰۰']
['۲۲۰٬۰۰۰'],['۱۳۹۰'],True,True,False,['۳۱۵٬۰۰۰٬۰۰۰']
['۲۴۰٬۰۰۰'],['۱۳۸۳'],True,True,True,['۱۹۵٬۰۰۰٬۰۰۰']
['۳۴۰٬۰۰۰'],['۱۳۸۳'],False,False,False,['۲۱۵٬۰۰۰٬۰۰۰']
['۳۰۰٬۰۰۰'],['۱۳۸۹'],True,True,True,['۲۴۹٬۰۰۰٬۰۰۰']
['۶۵'],['۱۳۹۹'],True,True,True,['۴۱۰٬۰۰۰٬۰۰۰']
['۳۴٬۰۰۰'],['۱۳۹۹'],True,True,False,['۴۴۰٬۰۰۰٬۰۰۰']
['۱۶٬۰۰۰'],['۱۴۰۰'],True,True,True,['۱۱۱٬۱۱۱٬۱۱۱']
['۱۸۸٬۰۰۰'],['۱۳۸۹'],True,True,False,['۲۷۰٬۰۰۰٬۰۰۰']
['۲۴۴٬۸۸۱'],['۱۳۸۹'],True,True,False,['۲۸۰٬۰۰۰٬۰۰۰']
['۱۲۰٬۰۰۰'],['۱۳۹۶'],True,True,True,['۳۶۰٬۰۰۰٬۰۰۰']
['۶۰٬۰۰۰'],['۱۳۹۷'],True,True,False,['۴۰۰٬۰۰۰٬۰۰۰']
['۱۱۰٬۰۰۰'],['۱۳۹۷'],True,True,False,['۳۷۹٬۰۰۰٬۰۰۰']
['۳۲۰٬۰۰۰'],['۱۳۸۳'],True,True,False,['۲۰۰٬۰۰۰٬۰۰۰']
['۲۴٬۰۰۰'],['۱۴۰۰'],True,True,True,['۱۱٬۱۱۱٬۱۱۱']
['۱۲۸٬۰۰۰'],['۱۳۹۴'],True,True,True,['۱۱٬۱۱۱٬۱۱۱']
['۳۰۰٬۰۰۰'],['۱۳۸۸'],True,True,True,['۲۳۹٬۰۰۰٬۰۰۰']
['۲۴۵٬۰۰۰'],['۱۳۸۳'],True,True,True,['۱۷۵٬۰۰۰٬۰۰۰']
['۲۲٬۰۰۰'],['۱۳۹۹'],True,True,True,['۴۰۰٬۰۰۰٬۰۰۰']
['۱۵۰٬۰۰۰'],['۱۳۹۶'],True,True,True,['۳۵۵٬۰۰۰٬۰۰۰']
['۷۷٬۰۰۰'],['۱۳۹۷'],False,False,True,['۳۷۵٬۰۰۰٬۰۰۰']
['۱۱۶٬۰۰۰'],['۱۳۹۶'],True,True,True,['۳۷۰٬۰۰۰٬۰۰۰']
['۲۰۰٬۰۰۰'],['۱۳۸۳'],True,True,False,['۲۵۰٬۰۰۰٬۰۰۰']
['۲۷۲٬۰۰۰'],['۱۳۸۷'],True,True,True,['۲۸۵٬۰۰۰٬۰۰۰']
['۱۵۰٬۰۰۰'],['۱۳۸۹'],True,True,False,['۳۰۰٬۰۰۰٬۰۰۰']
['۲۷۰٬۰۰۰'],['۱۳۸۸'],True,True,True,['۲۶۰٬۰۰۰٬۰۰۰']
['۲۰۰٬۰۰۰'],['۱۳۹۱'],True,True,False,['۳۰۵٬۰۰۰٬۰۰۰']
['۰'],['۱۴۰۱'],True,True,True,['۱۱۱٬۱۱۱٬۱۱۱']
['۳۰۰٬۰۰۰'],['۱۳۸۵'],True,True,True,['۲۱۵٬۰۰۰٬۰۰۰']
['۵۵٬۰۰۰'],['۱۳۹۹'],True,True,False,['۴۴۵٬۰۰۰٬۰۰۰']
['۱۳۰٬۰۰۰'],['۱۳۹۴'],True,True,True,['۳۳۰٬۰۰۰٬۰۰۰ تومانفروش اقساطیحداقل مبلغ پیش\u200cپرداخت۱۸۰٬۰۰۰٬۰۰۰']
['۱۱۱٬۱۱۱'],['۱۳۸۷'],True,True,True,['۲۷۵٬۰۰۰٬۰۰۰']
[' واقعی۲ هفته پیش در تهران، سعادت\u200cآبادزنگ خطرهای قبل از معاملهاطلاعات تماس چت کارکرد۳۷٬۰۰۰'],['۱۳۹۷'],True,True,False,['۴۱۵٬۰۰۰٬۰۰۰']
['۲۹۰٬۰۰۰'],['۱۳۸۳'],True,True,True,['۲۳۰٬۰۰۰٬۰۰۰']
['۱۸۲٬۰۰۰'],['۱۳۹۰'],True,True,False,['۲۹۵٬۰۰۰٬۰۰۰']
['۳۴۵٬۰۰۰'],['۱۳۸۷'],True,True,False,['۲۵۵٬۰۰۰٬۰۰۰']
['۵۰٬۰۰۰'],['۱۳۹۸'],True,True,True,['۴۱۰٬۰۰۰٬۰۰۰']
['۴۰٬۰۰۰'],['۱۳۹۸'],True,True,False,['۴۲۰٬۰۰۰٬۰۰۰']
['۳۰۰٬۰۰۰'],['۱۳۸۳'],True,True,False,['۲۰۵٬۰۰۰٬۰۰۰']
['۲۰۰٬۰۰۰'],['۱۳۸۷'],True,True,False,['۲۵۳٬۰۰۰٬۰۰۰']
['۲۴۰٬۰۰۰'],['۱۳۸۳'],True,True,False,['۱۷۰٬۰۰۰٬۰۰۰']
['۲۶۰٬۰۰۰'],['۱۳۸۷'],True,True,False,['۲۰۵٬۰۰۰٬۰۰۰']
['۱۹۰٬۰۰۰'],['۱۳۸۹'],True,True,False,['۲۸۳٬۰۰۰٬۰۰۰']
['۲۱۵٬۰۰۰'],['۱۳۹۱'],True,True,False,['۳۳۵٬۰۰۰٬۰۰۰']
['۳٬۶۰۰'],['۱۴۰۰'],True,True,False,['۴۸۵٬۰۰۰٬۰۰۰']
['۲۱۰٬۰۰۰'],['۱۳۹۵'],True,True,False,['۳۴۰٬۰۰۰٬۰۰۰']
['۲۵۰٬۰۰۰'],['۱۳۹۶'],True,True,True,['۳۳۰٬۰۰۰٬۰۰۰']
['۲۱۰٬۰۰۰'],['۱۳۹۰'],True,True,True,['۱۱٬۱۱۱٬۱۱۱']
['۷٬۶۰۰'],['۱۳۹۸'],True,True,False,['۴۲۵٬۰۰۰٬۰۰۰']
['۲۶٬۰۰۰'],['۱۳۹۸'],True,True,False,['۴۳۵٬۰۰۰٬۰۰۰']
['۱۰۰٬۰۰۰'],['۱۳۹۵'],True,True,False,['۳۶۰٬۰۰۰٬۰۰۰']
['۷۰٬۰۰۰'],['۱۳۹۹'],True,True,False,['۴۲۸٬۰۰۰٬۰۰۰']
['۱۳۰٬۰۰۰'],['۱۳۹۶'],True,True,True,['۳۷۰٬۰۰۰٬۰۰۰']
['۴۸٬۰۰۰'],['۱۳۹۸'],True,True,False,['۴۱۵٬۰۰۰٬۰۰۰']
['۲۹۳٬۰۰۰'],['۱۳۸۲'],True,True,False,['۱۶۰٬۰۰۰٬۰۰۰']
['۱۶۷٬۰۰۰'],['۱۳۹۰'],True,True,False,['۲۹۲٬۰۰۰٬۰۰۰']
['۲۹۰٬۰۰۰'],['۱۳۸۷'],True,True,True,['۲۳۵٬۰۰۰٬۰۰۰']
['۲۲۰٬۰۰۰'],['۱۳۸۹'],True,True,True,['۳۲٬۰۰۰٬۰۰۰']
['۲۱۸٬۰۰۰'],['۱۳۹۰'],True,True,True,['۲۸۰٬۰۰۰٬۰۰۰']
['۳۰۰٬۰۰۰'],['۱۳۹۱'],True,True,False,['۲۹۰٬۰۰۰٬۰۰۰']
['۷۰٬۰۰۰'],['۱۳۹۵'],True,True,True,['۳۶۰٬۰۰۰٬۰۰۰']
['۲۵۰٬۰۰۰'],['۱۳۸۳'],True,True,True,['۲۰۰٬۰۰۰٬۰۰۰']
['۲۵۸٬۰۰۰'],['۱۳۸۸'],True,True,False,['۲۸۸٬۰۰۰٬۰۰۰']
['۳۴۰٬۰۰۰'],['۱۳۸۴'],True,True,False,['۲۲۰٬۰۰۰٬۰۰۰']
['۹۵٬۰۰۰'],['۱۳۹۸'],True,True,False,['۴۱۰٬۰۰۰٬۰۰۰']
['۱۹۳٬۰۰۰'],['۱۳۸۸'],True,True,True,['۲۴۵٬۰۰۰٬۰۰۰']
['۸۰٬۰۰۰'],['۱۳۹۶'],True,True,True,['۳۷۰٬۰۰۰٬۰۰۰']
['۱۰۹٬۰۰۰'],['۱۳۹۶'],True,True,True,['۳۴۵٬۰۰۰٬۰۰۰']
['۲۶٬۰۰۰'],['۱۴۰۰'],True,True,True,['۴۵۳٬۰۰۰٬۰۰۰']
['۱۵۹٬۰۰۰'],['۱۳۹۶'],True,True,True,['۳۳۵٬۰۰۰٬۰۰۰']
['۳۴۰٬۰۰۰'],['۱۳۸۷'],True,True,True,['۲۳۵٬۰۰۰٬۰۰۰']
['۲۵٬۰۰۰'],['۱۳۹۸'],True,True,True,['۶۸۰٬۰۰۰٬۰۰۰']
['۱۶۱٬۰۰۰'],['۱۳۸۵'],True,True,False,['۲۴۵٬۰۰۰٬۰۰۰']
['۷۰٬۰۰۰'],['۱۳۹۸'],True,True,False,['۴۲۰٬۰۰۰٬۰۰۰']
['۰'],['۱۴۰۱'],False,True,True,['۱۱٬۱۱۱٬۱۱۱']
['۲۴٬۰۰۰'],['۱۴۰۰'],True,True,True,['۴۵۳٬۰۰۰٬۰۰۰']
['۲ هفته پیش در تهران، تهرانپارس شرقیزنگ خطرهای قبل از معاملهاطلاعات تماس چت کارکرد۸۱٬۰۰۰'],['۱۳۹۵'],True,True,False,['۳۶۰٬۰۰۰٬۰۰۰']
['۲۵٬۰۰۰'],['۱۳۹۸'],False,False,False,['۴۲۰٬۰۰۰٬۰۰۰']
['۳۴٬۰۰۰'],['۱۳۹۸'],False,False,True,['۶۵۰٬۰۰۰٬۰۰۰']
['۳۴۰٬۰۰۰'],['۱۳۸۹'],True,True,True,['۲۶۰٬۰۰۰٬۰۰۰']
['۶۳٬۰۰۰'],['۱۳۹۹'],True,True,False,['۴۵۰٬۰۰۰٬۰۰۰']
['۹۵٬۰۰۰'],['۱۳۹۴'],True,True,False,['۳۵۰٬۰۰۰٬۰۰۰']
['۲۰۱٬۰۰۰'],['۱۳۸۹'],True,True,False,['۳۱۰٬۰۰۰٬۰۰۰']
['۱۱۶٬۰۰۰'],['۱۳۹۶'],True,True,True,['۳۴۵٬۰۰۰٬۰۰۰']
['۳۹۰٬۰۰۰'],['۱۳۸۲'],False,False,True,['۱۹۰٬۰۰۰٬۰۰۰']
['۱۰۰٬۰۰۰'],['۱۳۹۷'],True,True,True,['۳۶۵٬۰۰۰٬۰۰۰']
['۳۱٬۰۰۰'],['۱۴۰۰'],True,True,True,['۴۳۰٬۰۰۰٬۰۰۰']
['۶۷٬۰۰۰'],['۱۳۹۸'],True,True,False,['۴۲۰٬۰۰۰٬۰۰۰']
['۱۸۵٬۰۰۰'],['۱۳۸۹'],True,True,False,['۲۹۰٬۰۰۰٬۰۰۰']
['۳۰۰٬۰۰۰'],['۱۳۸۸'],True,True,True,['۲۵۰٬۰۰۰٬۰۰۰']
['۱٬۲۰۰'],['۱۴۰۱'],True,True,True,['۱۱٬۱۱۱٬۱۱۱']
['۲۶۰٬۰۰۰'],['۱۳۸۴'],True,True,True,['۲۰۵٬۰۰۰٬۰۰۰']
['۲۳٬۵۰۰'],['۱۴۰۱'],True,True,False,['۴۸۹٬۰۰۰٬۰۰۰']
['۳۰٬۰۰۰'],['۱۳۹۹'],True,True,False,['۴۵۰٬۰۰۰٬۰۰۰']
['۱۳۳٬۰۰۰'],['۱۳۹۵'],True,True,True,['۳۴۰٬۰۰۰٬۰۰۰']
['۲۹۷٬۰۰۰'],['۱۳۸۸'],True,True,True,['۲۶۰٬۰۰۰٬۰۰۰']
['۱۳۸٬۰۰۰'],['۱۳۸۹'],False,False,False,['۲۷۰٬۰۰۰٬۰۰۰']
['۱۵۰٬۰۰۰'],['۱۳۸۵'],False,False,True,['۱۰۰٬۰۰۰٬۰۰۰']
['۲۰۰٬۰۰۰'],['۱۳۸۲'],True,True,False,['۱۷۹٬۰۰۰٬۰۰۰']
['۶۵٬۰۰۰'],['۱۴۰۰'],True,True,True,['۴۳۶٬۰۰۰٬۰۰۰']
['۴٬۰۰۰'],['۱۳۹۹'],True,True,False,['۴۶۰٬۰۰۰٬۰۰۰']
['۳۶۰٬۰۰۰'],['۱۳۸۳'],True,True,False,['۲۰۰٬۰۰۰٬۰۰۰']
['۴۶٬۰۰۰'],['۱۴۰۰'],True,True,True,['۴۵۰٬۰۰۰٬۰۰۰']
['۱۸۵٬۰۰۰'],['۱۳۹۱'],True,True,False,['۳۰۷٬۰۰۰٬۰۰۰']
['۹۰٬۰۰۰'],['۱۳۹۷'],True,True,False,['۴۰۷٬۰۰۰٬۰۰۰']
['۴۰٬۰۰۰'],['۱۳۹۹'],True,True,True,['۴۲۰٬۰۰۰٬۰۰۰']
['۳۸٬۰۰۰'],['۱۳۹۸'],True,True,False,['۴۵۰٬۰۰۰٬۰۰۰']
['۲۳۹٬۰۰۰'],['۱۳۸۴'],True,True,True,['۲۰۰٬۰۰۰٬۰۰۰']
['۱۶۵٬۰۰۰'],['۱۳۹۷'],True,True,True,['۳۵۴٬۰۰۰٬۰۰۰']
['۱۳۰٬۰۰۰'],['۱۳۹۵'],False,False,False,['۲۷۵٬۰۰۰٬۰۰۰']
['۷۱٬۰۰۰'],['۱۳۹۶'],True,True,False,['۴۰۵٬۰۰۰٬۰۰۰']
['۶۰٬۰۰۰'],['۱۳۹۷'],True,True,True,['۳۹۰٬۰۰۰٬۰۰۰']
['۱۱۱٬۱۱۱'],['۱۳۸۷'],True,True,True,['۲۳۲٬۰۰۰٬۰۰۰']
['۵۴٬۰۰۰'],['۱۳۹۹'],True,True,False,['۴۴۸٬۰۰۰٬۰۰۰']
['۱۵۰٬۰۰۰'],['۱۳۹۶'],True,True,False,['۳۸۰٬۰۰۰٬۰۰۰']
['۹۰٬۰۰۰'],['۱۳۹۵'],True,True,True,['۳۵۰٬۰۰۰٬۰۰۰']
['۲۲۴٬۶۴۱'],['۱۳۸۳'],True,True,True,['۲۰۰٬۰۰۰٬۰۰۰']
['۲۴۰٬۰۰۰'],['۱۳۸۶'],True,True,False,['۲۰۵٬۰۰۰٬۰۰۰']
['۲۲۵٬۰۰۰'],['۱۳۸۲'],True,True,True,['۱۹۸٬۰۰۰٬۰۰۰']
['۶۰٬۰۰۰'],['۱۳۹۹'],True,True,False,['۴۴۰٬۰۰۰٬۰۰۰']
['۳۵٬۰۰۰'],['۱۳۹۷'],True,True,False,['۴۱۰٬۰۰۰٬۰۰۰']
['۱۳۰٬۰۰۰'],['۱۳۹۶'],True,True,False,['۳۹۰٬۰۰۰٬۰۰۰']
['۲۵۰٬۰۰۰'],['۱۳۸۲'],True,True,True,['۲۰۰٬۰۰۰٬۰۰۰']
['۴۵٬۰۰۰'],['۱۳۹۸'],True,True,False,['۴۲۵٬۰۰۰٬۰۰۰']
['۱۸٬۰۰۰'],['۱۴۰۰'],True,True,True,['۲۵۰٬۰۰۰٬۰۰۰']
['۱۲۰٬۰۰۰'],['۱۳۹۷'],True,True,True,['۳۸۵٬۰۰۰٬۰۰۰']
['۲۳۱٬۰۰۰'],['۱۳۸۸'],True,True,True,['۱۱٬۱۱۱٬۱۱۱']
['۳۹۰٬۰۰۰'],['۱۳۸۱'],True,True,True,['۱۸۵٬۰۰۰٬۰۰۰']
['۱۴۵٬۰۰۰'],['۱۳۹۰'],True,True,True,['۲۶۰٬۰۰۰٬۰۰۰']
['۱۰۱٬۰۰۰'],['۱۳۹۷'],True,True,False,['۴۱۰٬۰۰۰٬۰۰۰']
['۷۵٬۰۰۰'],['۱۳۹۷'],True,True,True,['۳۷۵٬۰۰۰٬۰۰۰']
['۲۵۰٬۰۰۰'],['۱۳۸۲'],True,True,True,['۲۱۰٬۰۰۰٬۰۰۰']
['۳۵۵٬۰۰۰'],['۱۳۸۳'],True,True,False,['۲۱۵٬۰۰۰٬۰۰۰']
['۲۶۰٬۰۰۰'],['۱۳۸۸'],True,True,True,['۲۳۸٬۰۰۰٬۰۰۰']
['۱۴٬۰۰۰'],['۱۴۰۰'],True,True,True,['۴۵۰٬۰۰۰٬۰۰۰']
['۸۵٬۰۰۰'],['۱۳۹۶'],True,True,True,['۳۵۹٬۰۰۰٬۰۰۰']
['۲۹۰٬۰۰۰'],['۱۳۸۹'],False,False,False,['۲۸۰٬۰۰۰٬۰۰۰']
['۲۰۰٬۰۰۰'],['۱۳۸۹'],True,True,True,['۲۶۰٬۰۰۰٬۰۰۰']
['۱۰٬۰۰۰'],['۱۴۰۱'],True,True,False,['۴۹۰٬۰۰۰٬۰۰۰']
['۰'],['۱۴۰۱'],True,True,True,['۵۴۰٬۰۰۰٬۰۰۰']
['۹۵٬۰۰۰'],['۱۳۹۵'],True,True,False,['۳۶۵٬۰۰۰٬۰۰۰']
['۱۰۷٬۰۰۰'],['۱۳۹۷'],True,True,True,['۳۷۲٬۰۰۰٬۰۰۰']
['۱۶۴٬۷۰۰'],['۱۳۹۴'],True,True,True,['۳۲۵٬۰۰۰٬۰۰۰']
['۱۰۰٬۰۰۰'],['۱۴۰۰'],True,True,True,['۴۱۵٬۰۰۰٬۰۰۰']
['۳۲۵٬۰۰۰'],['۱۳۸۱'],True,True,True,['۲۱۰٬۰۰۰٬۰۰۰']
['۴۵۰٬۰۰۰'],['۱۳۸۲'],True,True,True,['۱۹۸٬۰۰۰٬۰۰۰']
['۱۹۵٬۰۰۰'],['۱۳۹۵'],True,True,False,['۳۱۰٬۰۰۰٬۰۰۰']
['۵۰۰٬۰۰۰'],['۱۳۸۲'],True,True,True,['۲۰۵٬۰۰۰٬۰۰۰']
['۱۳۰٬۰۰۰'],['۱۳۹۵'],True,True,False,['۳۸۵٬۰۰۰٬۰۰۰']
['۱۶۰٬۰۰۰'],['۱۳۹۶'],True,True,True,['۳۵۰٬۰۰۰٬۰۰۰']
['۳۴۰٬۰۰۰'],['۱۳۸۵'],True,True,False,['۲۴۸٬۰۰۰٬۰۰۰']
['۳۰۰٬۰۰۰'],['۱۳۸۶'],False,False,True,['۲۲۹٬۰۰۰٬۰۰۰']
['۱۸۹٬۰۰۰'],['۱۳۹۱'],True,True,True,['۲۸۵٬۰۰۰٬۰۰۰']
['۳۵۵٬۶۵۵'],['۱۳۸۱'],False,False,True,['۱۷۰٬۰۰۰٬۰۰۰']
['۱۹۳٬۰۰۰'],['۱۳۹۵'],True,True,False,['۳۴۵٬۰۰۰٬۰۰۰']
['۴۴٬۰۰۰'],['۱۳۹۹'],True,True,True,['۴۲۰٬۰۰۰٬۰۰۰']
['۱۱۰٬۰۰۰'],['۱۳۹۷'],True,True,True,['۳۸۰٬۰۰۰٬۰۰۰']
['۷۲٬۰۰۰'],['۱۳۹۵'],True,True,False,['۴۰۰٬۰۰۰٬۰۰۰']
['۷۰۰'],['۱۴۰۰'],True,True,False,['۵۰۰٬۰۰۰٬۰۰۰']
['۳۰۰٬۰۰۰'],['۱۳۸۵'],True,True,True,['۱۸۵٬۰۰۰٬۰۰۰']
['۲۰۰٬۰۰۰'],['۱۳۸۶'],True,True,True,['۱۹۵٬۰۰۰٬۰۰۰']
['۱۹۰٬۰۰۰'],['۱۳۹۴'],True,True,False,['۳۳۰٬۰۰۰٬۰۰۰']
['۸۸٬۰۰۰'],['۱۳۹۶'],True,True,True,['۳۵۵٬۰۰۰٬۰۰۰']
['۳۰۰٬۰۰۰'],['۱۳۸۶'],True,True,False,['۲۶۰٬۰۰۰٬۰۰۰']
['۱۳۰٬۰۰۰'],['۱۳۸۵'],True,False,False,['۲۰۵٬۰۰۰٬۰۰۰']
['۵۴٬۰۰۰'],['۱۳۹۶'],True,True,False,['۳۷۸٬۰۰۰٬۰۰۰']
['۳۰۰٬۰۰۰'],['۱۳۸۴'],True,True,True,['۱۸۵٬۰۰۰٬۰۰۰']
['۱۳۸٬۰۰۰'],['۱۳۹۶'],True,True,True,['۳۵۰٬۰۰۰٬۰۰۰']
['۱۸۸٬۰۰۰'],['۱۳۹۴'],False,False,False,['۳۴۰٬۰۰۰٬۰۰۰']
['۳۶۰٬۰۰۰'],['۱۳۸۲'],True,True,False,['۲۰۰٬۰۰۰٬۰۰۰']
['۳۸۴٬۰۰۰'],['۱۳۸۶'],True,True,True,['۲۲۰٬۰۰۰٬۰۰۰']
['۲۰۰٬۰۰۰'],['۱۳۹۴'],True,True,False,['۳۰۸٬۰۰۰٬۰۰۰']
['۷۰٬۰۰۰'],['۱۳۹۸'],True,True,True,['۳۷۰٬۰۰۰٬۰۰۰']
['۱۳۸٬۰۰۰'],['۱۳۹۵'],False,False,True,['۲۷۵٬۰۰۰٬۰۰۰']
['۱۰۵٬۰۰۰'],['۱۳۹۵'],True,True,False,['۳۷۰٬۰۰۰٬۰۰۰']
['۳۶۰٬۰۰۰'],['۱۳۸۶'],True,True,False,['۲۴۵٬۰۰۰٬۰۰۰']
['۴۵٬۰۰۰'],['۱۳۹۹'],True,True,True,['۴۰۵٬۰۰۰٬۰۰۰']
['۳۷٬۰۰۰'],['۱۴۰۰'],True,True,True,['۴۴۵٬۰۰۰٬۰۰۰']
['۱۶۹٬۰۰۰'],['۱۳۸۸'],True,True,False,['۲۷۰٬۰۰۰٬۰۰۰']
['۰'],['۱۴۰۱'],False,True,True,[]
['۱۲۲٬۰۰۰'],['۱۳۹۰'],True,True,True,['۳۰۰٬۰۰۰٬۰۰۰']
['۱۶۹٬۰۰۰'],['۱۳۸۸'],True,True,False,['۲۷۰٬۰۰۰٬۰۰۰']
['۲۵۰٬۰۰۰'],['۱۳۸۱'],True,True,False,['۱۵۰٬۰۰۰٬۰۰۰']
['۷۰٬۰۰۰'],['۱۳۹۸'],False,False,True,['۲۲۰٬۰۰۰٬۰۰۰']
['۴۳٬۰۰۰'],['۱۴۰۰'],True,True,True,['۴۰۰٬۰۰۰٬۰۰۰']
['۵۴٬۰۰۰'],['۱۳۹۹'],True,True,True,['۴۱۴٬۰۰۰٬۰۰۰']
['۱۰۴٬۰۰۰'],['۱۳۹۵'],True,True,True,['۳۵۸٬۰۰۰٬۰۰۰']
['۲۳۶٬۰۰۰'],['۱۳۹۶'],True,True,True,['۱۱٬۱۱۱٬۱۱۱']
['۱۳۰٬۰۰۰'],['۱۳۸۴'],True,True,False,['۲۵۰٬۰۰۰٬۰۰۰']
['۳۲۰٬۰۰۰'],['۱۳۸۴'],True,True,False,['۲۱۵٬۰۰۰٬۰۰۰']
['۵۸٬۰۰۰'],['۱۳۹۹'],True,True,True,['۴۱۵٬۰۰۰٬۰۰۰']
['۹۰٬۰۰۰'],['۱۳۸۸'],True,True,False,['۲۸۰٬۰۰۰٬۰۰۰']
['۲۸۵٬۰۰۰'],['۱۳۹۰'],True,True,True,['۲۷۵٬۰۰۰٬۰۰۰']
['۲۴۰٬۰۰۰'],['۱۳۸۸'],True,True,False,['۲۵۵٬۰۰۰٬۰۰۰']
['۴۰۰٬۰۰۰'],['۱۳۸۲'],True,True,True,['۱٬۱۱۱٬۱۱۱٬۱۱۱']
['۲۱۰٬۰۰۰'],['۱۳۸۸'],True,True,False,['۲۶۵٬۰۰۰٬۰۰۰']
['۲۵۰٬۰۰۰'],['۱۳۹۰'],True,True,False,['۲۸۰٬۰۰۰٬۰۰۰']
['۲۰۰٬۰۰۰'],['۱۳۹۱'],True,True,False,['۳۱۵٬۰۰۰٬۰۰۰']
['۲۲۳٬۰۰۰'],['۱۳۸۳'],False,True,True,['۲۱۲٬۰۰۰٬۰۰۰']
['۱۶۰٬۰۰۰'],['۱۳۹۶'],True,True,False,['۳۹۵٬۰۰۰٬۰۰۰']
['۴۴٬۰۰۰'],['۱۳۹۹'],True,True,False,['۴۴۰٬۰۰۰٬۰۰۰']
['۹۰٬۰۰۰'],['۱۳۹۹'],True,True,True,['۴۰۵٬۰۰۰٬۰۰۰']
['۲۲۰٬۰۰۰'],['۱۳۹۶'],True,True,True,['۳۴۵٬۰۰۰٬۰۰۰']
['۱۰۵٬۰۰۰'],['۱۳۹۸'],True,True,False,['۴۱۰٬۰۰۰٬۰۰۰']
['۴۰۰٬۰۰۰'],['۱۳۸۲'],True,True,True,['۱۸۰٬۰۰۰٬۰۰۰']
['۴۲۰٬۰۰۰'],['۱۳۸۲'],True,True,False,['۲۱۰٬۰۰۰٬۰۰۰']
['۲۵۰٬۰۰۰'],['۱۳۸۹'],True,True,True,['۱۱٬۱۱۱٬۱۱۱']
['۱۱۵٬۰۰۰'],['۱۳۸۸'],True,True,True,['۲۲۰٬۰۰۰٬۰۰۰']
['۵۲٬۰۰۰'],['۱۳۸۳'],True,True,False,['۱۸۵٬۰۰۰٬۰۰۰']
['۱٬۱۱۱'],['۱۳۸۷'],True,True,True,['۲۵۵٬۰۰۰٬۰۰۰']
['۱۴۰٬۰۰۰'],['۱۳۹۶'],True,True,False,['۳۷۰٬۰۰۰٬۰۰۰']
['۲۱۵٬۰۰۰'],['۱۳۹۵'],True,True,False,['۳۷۰٬۰۰۰٬۰۰۰']
['۲۰۵٬۰۰۰'],['۱۳۸۸'],True,True,False,['۳۰۵٬۰۰۰٬۰۰۰']
['۳۹۰٬۰۰۰'],['۱۳۸۵'],True,True,False,['۲۳۵٬۰۰۰٬۰۰۰']
['۱۹۹٬۰۰۰'],['۱۳۸۴'],True,True,False,['۲۲۸٬۰۰۰٬۰۰۰']
['۲۰۰٬۰۰۰'],['۱۳۸۹'],True,True,False,['۳۰۸٬۰۰۰٬۰۰۰']
['۳۱۰٬۰۰۰'],['۱۳۸۳'],True,True,False,['۲۱۵٬۰۰۰٬۰۰۰']
['۱۶۰٬۰۰۰'],['۱۳۹۵'],True,True,True,['۳۴۸٬۰۰۰٬۰۰۰']
['۲۱۱٬۰۰۰'],['۱۳۸۹'],True,True,True,['۱۱۱٬۱۱۱٬۱۱۱']
['۵۴٬۰۰۰'],['۱۳۹۹'],True,True,True,['۴۱۰٬۰۰۰٬۰۰۰']
['۲۴۰٬۰۰۰'],['۱۳۸۸'],True,True,True,['۳۰۰٬۰۰۰٬۰۰۰']
['۲۲۰٬۰۰۰'],['۱۳۸۸'],True,True,False,['۲۷۰٬۰۰۰٬۰۰۰']
['۱۴۵٬۰۰۰'],['۱۳۹۵'],True,True,True,['۳۴۳٬۰۰۰٬۰۰۰']
['۱۰۰٬۰۰۰'],['۱۳۹۷'],True,True,True,['۳۹۰٬۰۰۰٬۰۰۰']
['۳۲۵٬۰۰۰'],['۱۳۸۹'],True,True,True,['۲۷۰٬۰۰۰٬۰۰۰']
['۹۹٬۰۰۰'],['۱۳۹۹'],True,True,False,['۴۲۳٬۰۰۰٬۰۰۰']
['۷۰٬۰۰۰'],['۱۳۹۵'],True,True,False,['۳۷۰٬۰۰۰٬۰۰۰']
['۱۱۱٬۱۱۱'],['۱۳۸۲'],True,True,True,['۱۸۵٬۰۰۰٬۰۰۰']
['۱۰۰٬۰۰۰'],['۱۳۹۶'],True,True,True,['۳۴۸٬۰۰۰٬۰۰۰']
['۸۳٬۰۰۰'],['۱۳۸۹'],True,True,False,['۳۴۰٬۰۰۰٬۰۰۰']
['۶٬۲۰۰'],['۱۴۰۰'],True,True,False,['۴۷۰٬۰۰۰٬۰۰۰']
['۳۰۰٬۰۰۰'],['۱۳۸۹'],True,True,True,['۲۵۵٬۰۰۰٬۰۰۰']
['۳۰٬۰۰۰'],['۱۳۹۸'],True,True,False,['۴۲۰٬۰۰۰٬۰۰۰']
['۱۰۰٬۰۰۰'],['۱۳۹۹'],True,True,False,['۴۶۰٬۰۰۰٬۰۰۰']
['۳۸۰٬۰۰۰'],['۱۳۸۸'],True,True,True,['۲۵۸٬۰۰۰٬۰۰۰']
['۷۳٬۰۰۰'],['۱۳۸۹'],True,True,True,['۳۸۰٬۰۰۰٬۰۰۰']
['۲۱٬۰۰۰'],['۱۳۹۸'],True,True,True,['۴۱۰٬۰۰۰٬۰۰۰']
['۱۲۹٬۰۰۰'],['۱۳۸۹'],True,True,False,['۳۰۵٬۰۰۰٬۰۰۰']
['۲۱۸٬۰۰۰'],['۱۳۹۰'],True,True,False,['۳۶۰٬۰۰۰٬۰۰۰']
['۴۷٬۰۰۰'],['۱۴۰۰'],True,True,True,['۴۴۰٬۰۰۰٬۰۰۰']
['۲۳۵٬۰۰۰'],['۱۳۸۸'],True,True,False,['۲۷۰٬۰۰۰٬۰۰۰']
['۰'],['۱۴۰۲'],True,True,True,['۵۲۹٬۰۰۰٬۰۰۰']
['۱۲۰٬۰۰۰'],['۱۳۹۴'],True,True,True,['۳۱۰٬۰۰۰٬۰۰۰']
['۳۲٬۰۰۰'],['۱۳۹۸'],True,True,True,['۲۶۰٬۰۰۰٬۰۰۰ تومانفروش اقساطیحداقل مبلغ پیش\u200cپرداخت۱۱۱٬۱۱۱٬۱۱۱']
['۹٬۶۰۰'],['۱۴۰۰'],True,True,False,['۴۷۹٬۰۰۰٬۰۰۰']
['۸۰٬۰۰۰'],['۱۳۹۹'],True,True,False,['۴۱۰٬۰۰۰٬۰۰۰']
['۰'],['۱۴۰۱'],True,True,True,['۵۰۰٬۰۰۰٬۰۰۰']
['۶۰٬۰۰۰'],['۱۳۹۹'],True,True,False,['۴۴۲٬۰۰۰٬۰۰۰']
['۰'],['۱۴۰۱'],True,True,True,['۵۰۷٬۰۰۰٬۰۰۰']
['۰'],['۱۴۰۱'],True,True,True,[]
['۵۸٬۰۰۰'],['۱۳۹۹'],True,True,False,['۴۵۸٬۰۰۰٬۰۰۰']
['۰'],['۱۴۰۱'],True,True,True,['۴۴۰٬۰۰۰٬۰۰۰']
['۱۴٬۰۰۰'],['۱۴۰۱'],True,True,True,['۱٬۱۱۱٬۱۱۱٬۱۱۱']
['۱۶٬۰۰۰'],['۱۳۹۹'],True,True,False,['۴۵۴٬۵۰۰٬۰۰۰']
['۰'],['۱۴۰۱'],True,True,True,['۱۱۱٬۱۱۱٬۱۱۱']
['۰'],['۱۴۰۱'],True,True,True,['۴۵۵٬۰۰۰٬۰۰۰']
['۵۰٬۰۰۰'],['۱۳۹۹'],True,True,False,['۴۶۵٬۰۰۰٬۰۰۰']
['۰'],['۱۴۰۱'],True,True,True,['۴۹۰٬۰۰۰٬۰۰۰']
['۳۰۰٬۰۰۰'],['۱۳۸۲'],True,True,False,['۲۱۰٬۰۰۰٬۰۰۰']
['۰'],['۱۴۰۱'],True,True,True,['۱۱۱٬۱۱۱٬۱۱۱']
['۰'],['۱۴۰۱'],True,True,True,['۱۱۱٬۱۱۱٬۱۱۱ تومانفروش اقساطیحداقل مبلغ پیش\u200cپرداخت۱۱٬۱۱۱٬۱۱۱']
['۰'],['۱۴۰۱'],False,False,True,[]
['۰'],['۱۴۰۱'],True,True,True,[]
['۰'],['۱۴۰۲'],True,True,True,['۱۱٬۱۱۱٬۱۱۱']
['۰'],['۱۴۰۲'],True,True,True,['۱۱٬۱۱۱٬۱۱۱']
['۰'],['۱۴۰۱'],True,True,True,['۵۱۵٬۰۰۰٬۰۰۰']
['۰'],['۱۴۰۱'],True,True,True,['۴۹۰٬۰۰۰٬۰۰۰']
['۰'],['۱۴۰۲'],False,False,True,['۱۱٬۱۱۱٬۱۱۱']
['۰'],['۱۴۰۱'],True,True,True,['۴۵۵٬۰۰۰٬۰۰۰']
['۰'],['۱۴۰۱'],True,True,True,[]
['۰'],['۱۴۰۱'],True,True,True,[]
['۰'],['۱۴۰۱'],False,True,True,['۵۸۰٬۰۰۰٬۰۰۰']
['۰'],['۱۴۰۱'],True,True,True,[]
['۲۹٬۰۰۰'],['۱۳۸۹'],False,False,True,['۴۰۰٬۰۰۰٬۰۰۰']
['۰'],['۱۴۰۱'],True,True,True,[]
['۱۵۰٬۰۰۰'],['۱۳۹۶'],True,True,True,['۳۷۰٬۰۰۰٬۰۰۰ تومانفروش اقساطیحداقل مبلغ پیش\u200cپرداخت۲۵۰٬۰۰۰٬۰۰۰']
['۰'],['۱۴۰۱'],True,True,True,[]
['۱'],['۱۴۰۲'],True,True,True,['۶۰۶٬۰۰۰٬۰۰۰ تومانفروش اقساطیحداقل مبلغ پیش\u200cپرداخت۳۶۳٬۰۰۰٬۰۰۰']
['۰'],['۱۴۰۱'],False,True,True,['۵۸۰٬۰۰۰٬۰۰۰']
